{
  "topics": {
    "data": {
      "0": {
        "name": "0_stars_mass_star_stellar",
        "keywords": [
          [
            "stars",
            0.039952137168886966
          ],
          [
            "mass",
            0.029238729177252433
          ],
          [
            "star",
            0.026338939600002644
          ],
          [
            "stellar",
            0.02473975503140985
          ],
          [
            "binary",
            0.015403107929605734
          ],
          [
            "data",
            0.014734706622484127
          ],
          [
            "observations",
            0.014381955257306766
          ],
          [
            "high",
            0.014245933700500715
          ],
          [
            "evolution",
            0.014020810853901139
          ],
          [
            "models",
            0.013885679577245047
          ]
        ],
        "count": 19024
      },
      "1": {
        "name": "1_solar_magnetic_field_Solar",
        "keywords": [
          [
            "solar",
            0.05043868099513524
          ],
          [
            "magnetic",
            0.040604874155547206
          ],
          [
            "field",
            0.027553037713745423
          ],
          [
            "Solar",
            0.022654156349314756
          ],
          [
            "coronal",
            0.0224088360270146
          ],
          [
            "magnetic field",
            0.018813100381725893
          ],
          [
            "flux",
            0.018789756531096227
          ],
          [
            "observations",
            0.01729320510288216
          ],
          [
            "flare",
            0.015770927941499917
          ],
          [
            "plasma",
            0.01569493968172615
          ]
        ],
        "count": 5749
      }
    },
    "correlations": [
      [
        1.0,
        -0.3871223084640649
      ],
      [
        -0.3871223084640649,
        1.0
      ]
    ],
    "series": {
      "2020-01": [
        276,
        84
      ],
      "2020-02": [
        286,
        81
      ],
      "2020-03": [
        267,
        85
      ],
      "2020-04": [
        268,
        80
      ],
      "2020-05": [
        269,
        107
      ],
      "2020-06": [
        354,
        103
      ],
      "2020-07": [
        300,
        107
      ],
      "2020-08": [
        253,
        99
      ],
      "2020-09": [
        288,
        122
      ],
      "2020-10": [
        293,
        116
      ],
      "2020-11": [
        291,
        85
      ],
      "2020-12": [
        259,
        88
      ],
      "2021-01": [
        222,
        117
      ],
      "2021-02": [
        212,
        98
      ],
      "2021-03": [
        276,
        108
      ],
      "2021-04": [
        224,
        92
      ],
      "2021-05": [
        232,
        86
      ],
      "2021-06": [
        223,
        94
      ],
      "2021-07": [
        260,
        97
      ],
      "2021-08": [
        226,
        82
      ],
      "2021-09": [
        284,
        110
      ],
      "2021-10": [
        248,
        92
      ],
      "2021-11": [
        294,
        70
      ],
      "2021-12": [
        219,
        88
      ],
      "2022-01": [
        220,
        95
      ],
      "2022-02": [
        226,
        78
      ],
      "2022-03": [
        294,
        99
      ],
      "2022-04": [
        218,
        86
      ],
      "2022-05": [
        259,
        105
      ],
      "2022-06": [
        319,
        82
      ],
      "2022-07": [
        235,
        92
      ],
      "2022-08": [
        225,
        83
      ],
      "2022-09": [
        294,
        101
      ],
      "2022-10": [
        282,
        98
      ],
      "2022-11": [
        261,
        130
      ],
      "2022-12": [
        201,
        98
      ],
      "2023-01": [
        290,
        105
      ],
      "2023-02": [
        238,
        80
      ],
      "2023-03": [
        295,
        103
      ],
      "2023-04": [
        225,
        74
      ],
      "2023-05": [
        256,
        92
      ],
      "2023-06": [
        303,
        99
      ],
      "2023-07": [
        263,
        87
      ],
      "2023-08": [
        244,
        90
      ],
      "2023-09": [
        273,
        100
      ],
      "2023-10": [
        320,
        82
      ],
      "2023-11": [
        255,
        80
      ],
      "2023-12": [
        210,
        77
      ],
      "2024-01": [
        294,
        121
      ],
      "2024-02": [
        220,
        107
      ],
      "2024-03": [
        256,
        97
      ],
      "2024-04": [
        279,
        82
      ],
      "2024-05": [
        301,
        107
      ],
      "2024-06": [
        238,
        76
      ],
      "2024-07": [
        278,
        92
      ],
      "2024-08": [
        248,
        84
      ],
      "2024-09": [
        275,
        111
      ],
      "2024-10": [
        326,
        116
      ],
      "2024-11": [
        292,
        81
      ],
      "2024-12": [
        267,
        80
      ],
      "2025-01": [
        270,
        95
      ],
      "2025-02": [
        249,
        86
      ],
      "2025-03": [
        309,
        95
      ],
      "2025-04": [
        283,
        103
      ],
      "2025-05": [
        280,
        130
      ],
      "2025-06": [
        275,
        98
      ],
      "2025-07": [
        319,
        107
      ],
      "2025-08": [
        266,
        95
      ],
      "2025-09": [
        182,
        66
      ]
    },
    "papers": {
      "0": [
        {
          "title": "The EBLM project -- XIII. The absolute dynamical masses of the circumbinary planet host TOI-1338/BEBOP-1",
          "year": "2024-02",
          "abstract": "High-contrast eclipsing binaries with low mass M-dwarf secondaries are\nprecise benchmark stars to build empirical mass-radius relationships for fully\nconvective low-mass ($\\rm M_{*} < 0.35\\,M_{\\rm sun}$) dwarf stars. The\ncontributed light of the M-dwarf in such binaries is usually much less than\none~per~cent at optical wavelengths. This enables the detection of circumbinary\nplanets from precise radial velocity measurements. High-resolution\ncross-correlation techniques are typically used to detect exoplanet\natmospheres. One key aspect of these techniques is the post-processing, which\nincludes the removal of telluric and spectral lines of the host star. We\nintroduce the application of such techniques to optical high-resolution spectra\nof the circumbinary planet-host TOI-1338/BEBOP-1, turning it effectively into a\ndouble-lined eclipsing binary. By using simulations, we further explore the\nimpact of post-processing techniques for high-contrast systems. We detect the\nM-dwarf secondary with a significance of 11-$\\sigma$ and measure absolute\ndynamical masses for both components. Compared to previous model-dependent mass\nmeasurements, we obtain a four times better precision. We further find that the\npost-processing results in negligible systematic impact on the radial velocity\nprecision for TOI-1338/BEBOP-1 with more than $96.6\\,$per~cent (1-$\\sigma$) of\nthe M-dwarf's signal being conserved. We show that these methods can be used to\nrobustly measure dynamical masses of high-contrast single-lined binaries\nproviding important benchmark stars for stellar evolution particularly near the\nbottom of the main sequence. We also demonstrate how to retrieve the phase\ncurve of an exoplanet with high-resolution spectroscopy using our data.",
          "arxiv_id": "2402.06449v1"
        },
        {
          "title": "Spectroscopic variability of massive pre-main-sequence stars in M17",
          "year": "2023-10",