{
  "topics": {
    "data": {
      "0": {
        "name": "0_quantum_model_systems_time",
        "keywords": [
          [
            "quantum",
            0.02650734655159283
          ],
          [
            "model",
            0.024134766524191192
          ],
          [
            "systems",
            0.020667572022305757
          ],
          [
            "time",
            0.019951650581563438
          ],
          [
            "phase",
            0.018983663953866917
          ],
          [
            "dynamics",
            0.017398148268730172
          ],
          [
            "non",
            0.01629299794439157
          ],
          [
            "state",
            0.01605072150414157
          ],
          [
            "transition",
            0.013234155403576198
          ],
          [
            "results",
            0.013061113253024904
          ]
        ],
        "count": 19196
      },
      "1": {
        "name": "1_exclusion_exclusion process_process_TASEP",
        "keywords": [
          [
            "exclusion",
            0.05423970104449944
          ],
          [
            "exclusion process",
            0.04119377075622696
          ],
          [
            "process",
            0.03750625584447086
          ],
          [
            "TASEP",
            0.029398010386481033
          ],
          [
            "asymmetric",
            0.029255195418751094
          ],
          [
            "simple exclusion",
            0.0269692217889643
          ],
          [
            "current",
            0.02669338772935373
          ],
          [
            "simple exclusion process",
            0.023785560061867446
          ],
          [
            "simple",
            0.0227011879164858
          ],
          [
            "particles",
            0.022376096247433325
          ]
        ],
        "count": 197
      }
    },
    "correlations": [
      [
        1.0,
        -0.14810537738156282
      ],
      [
        -0.14810537738156282,
        1.0
      ]
    ],
    "series": {
      "2020-01": [
        217,
        14
      ],
      "2020-02": [
        239,
        16
      ],
      "2020-03": [
        287,
        11
      ],
      "2020-04": [
        280,
        11
      ],
      "2020-05": [
        290,
        14
      ],
      "2020-06": [
        299,
        13
      ],
      "2020-07": [
        317,
        12
      ],
      "2020-08": [
        301,
        3
      ],
      "2020-09": [
        299,
        13
      ],
      "2020-10": [
        286,
        9
      ],
      "2020-11": [
        280,
        17
      ],
      "2020-12": [
        312,
        9
      ],
      "2021-01": [
        231,
        11
      ],
      "2021-02": [
        233,
        12
      ],
      "2021-03": [
        329,
        21
      ],
      "2021-04": [
        293,
        16
      ],
      "2021-05": [
        291,
        10
      ],
      "2021-06": [
        293,
        18
      ],
      "2021-07": [
        277,
        17
      ],
      "2021-08": [
        250,
        14
      ],
      "2021-09": [
        282,
        15
      ],
      "2021-10": [
        302,
        11
      ],
      "2021-11": [
        281,
        12
      ],
      "2021-12": [
        308,
        21
      ],
      "2022-01": [
        246,
        10
      ],
      "2022-02": [
        280,
        11
      ],
      "2022-03": [
        317,
        18
      ],
      "2022-04": [
        269,
        12
      ],
      "2022-05": [
        325,
        16
      ],
      "2022-06": [
        295,
        16
      ],
      "2022-07": [
        270,
        17
      ],
      "2022-08": [
        285,
        10
      ],
      "2022-09": [
        264,
        12
      ],
      "2022-10": [
        293,
        6
      ],
      "2022-11": [
        295,
        13
      ],
      "2022-12": [
        276,
        13
      ],
      "2023-01": [
        261,
        14
      ],
      "2023-02": [
        249,
        10
      ],
      "2023-03": [
        306,
        13
      ],
      "2023-04": [
        235,
        12
      ],
      "2023-05": [
        340,
        15
      ],
      "2023-06": [
        315,
        16
      ],
      "2023-07": [
        336,
        18
      ],
      "2023-08": [
        291,
        14
      ],
      "2023-09": [
        290,
        11
      ],
      "2023-10": [
        357,
        20
      ],
      "2023-11": [
        316,
        15
      ],
      "2023-12": [
        293,
        9
      ],
      "2024-01": [
        267,
        13
      ],
      "2024-02": [
        290,
        18
      ],
      "2024-03": [
        334,
        16
      ],
      "2024-04": [
        278,
        14
      ],
      "2024-05": [
        329,
        14
      ],
      "2024-06": [
        308,
        14
      ],
      "2024-07": [
        351,
        9
      ],
      "2024-08": [
        233,
        10
      ],
      "2024-09": [
        341,
        6
      ],
      "2024-10": [
        353,
        13
      ],
      "2024-11": [
        335,
        9
      ],
      "2024-12": [
        332,
        17
      ],
      "2025-01": [
        271,
        15
      ],
      "2025-02": [
        244,
        13
      ],
      "2025-03": [
        339,
        17
      ],
      "2025-04": [
        295,
        10
      ],
      "2025-05": [
        318,
        10
      ],
      "2025-06": [
        328,
        6
      ],
      "2025-07": [
        385,
        12
      ],
      "2025-08": [
        310,
        14
      ],
      "2025-09": [
        174,
        9
      ]
    },
    "papers": {
      "0": [
        {
          "title": "Observing quantum many-body scars in random quantum circuits",
          "year": "2024-02",
          "abstract": "The Schwinger model describes quantum electrodynamics in 1+1-dimensions, it\nis a prototype for quantum chromodynamics, and its lattice version allows for a\nquantum link model description that can be simulated using modern quantum\ndevices. In this work, we devise quantum simulations to investigate the\ndynamics of this model in its low dimensional form, where the gauge field\ndegrees of freedom are described by spin 1/2 operators. We apply trotterization\nto write quantum circuits that effectively generate the evolution under the\nSchwinger model Hamiltonian. We consider both sequential circuits, with a fixed\ngate sequence, and randomized ones. Utilizing the correspondence between the\nSchwinger model and the PXP model, known for its quantum scars, we investigate\nthe presence of quantum scar states in the Schwinger model by identifying\nstates exhibiting extended thermalization times in our circuit evolutions. Our\ncomparison of sequential and randomized circuit dynamics shows that the\nnon-thermal sector of the Hilbert space, including the scars, are more\nsensitive to randomization.",
          "arxiv_id": "2402.06489v2"
        },
        {
          "title": "Rényi entropy of the permutationally invariant part of the ground state across a quantum phase transition",
          "year": "2024-04",