{
  "topics": {
    "data": {
      "0": {
        "name": "0_computer_Turing_research_AI",
        "keywords": [
          [
            "computer",
            0.053728341449812096
          ],
          [
            "Turing",
            0.04809352239366963
          ],
          [
            "research",
            0.04537258727374473
          ],
          [
            "AI",
            0.03394245286231851
          ],
          [
            "science",
            0.030879654006204786
          ],
          [
            "machine",
            0.030759883600848786
          ],
          [
            "learning",
            0.030454676854069003
          ],
          [
            "human",
            0.029802548647673545
          ],
          [
            "work",
            0.027963530546226172
          ],
          [
            "paper",
            0.027933233212557782
          ]
        ],
        "count": 30
      },
      "1": {
        "name": "1_data_software_research_Data",
        "keywords": [
          [
            "data",
            0.11019334113383697
          ],
          [
            "software",
            0.0817825998264039
          ],
          [
            "research",
            0.06550641873921437
          ],
          [
            "Data",
            0.06143867628817568
          ],
          [
            "systems",
            0.05056633419280445
          ],
          [
            "science",
            0.04882826346425939
          ],
          [
            "Science",
            0.0445648272075221
          ],
          [
            "review",
            0.036173570615547074
          ],
          [
            "Research",
            0.029988698233230526
          ],
          [
            "field",
            0.026222326693157775
          ]
        ],
        "count": 19
      }
    },
    "correlations": [
      [
        1.0,
        -0.29523498514744784
      ],
      [
        -0.29523498514744784,
        1.0
      ]
    ],
    "series": {
      "2020-01": [
        1,
        0
      ],
      "2020-03": [
        0,
        1
      ],
      "2020-04": [
        2,
        2
      ],
      "2020-06": [
        1,
        0
      ],
      "2020-07": [
        2,
        0
      ],
      "2020-08": [
        0,
        1
      ],
      "2020-10": [
        2,
        1
      ],
      "2020-12": [
        1,
        0
      ],
      "2021-01": [
        1,
        0
      ],
      "2021-03": [
        0,
        1
      ],
      "2021-04": [
        3,
        0
      ],
      "2021-05": [
        1,
        0
      ],
      "2021-07": [
        3,
        1
      ],
      "2021-08": [
        1,
        0
      ],
      "2021-09": [
        2,
        0
      ],
      "2021-11": [
        0,
        1
      ],
      "2021-12": [
        1,
        0
      ],
      "2022-01": [
        0,
        3
      ],
      "2022-02": [
        0,
        1
      ],
      "2022-03": [
        0,
        1
      ],
      "2022-04": [
        4,
        1
      ],
      "2022-05": [
        2,
        1
      ],
      "2022-06": [
        4,
        0
      ],
      "2022-07": [
        2,
        2
      ],
      "2022-08": [
        2,
        0
      ],
      "2022-09": [
        2,
        4
      ],
      "2022-10": [
        1,
        2
      ],
      "2022-11": [
        0,
        1
      ],
      "2022-12": [
        1,
        1
      ],
      "2023-01": [
        2,
        0
      ],
      "2023-02": [
        1,
        0
      ],
      "2023-03": [
        2,
        0
      ],
      "2023-07": [
        0,
        1
      ],
      "2023-09": [
        2,
        0
      ],
      "2023-11": [
        0,
        2
      ],
      "2024-02": [
        2,
        0
      ],
      "2024-03": [
        1,
        1
      ],
      "2024-07": [
        1,
        0
      ],
      "2025-01": [
        1,
        0
      ],
      "2025-02": [
        1,
        0
      ],
      "2025-04": [
        0,
        1
      ],
      "2025-08": [
        0,
        1
      ],
      "2025-09": [
        1,
        0
      ]
    },
    "papers": {
      "0": [
        {
          "title": "A guideline for the methodology chapter in computer science dissertations",
          "year": "2024-03",
          "abstract": "Rather than simply offering suggestions, this guideline for the methodology\nchapter in computer science dissertations provides thorough insights on how to\ndevelop a strong research methodology within the area of computer science. The\nmethod is structured into several parts starting with an overview of research\nstrategies which include experiments, surveys, interviews and case studies. The\nguide highlights the significance of defining a research philosophy and\nreasoning by talking about paradigms such as positivism, constructivism and\npragmatism. Besides, it reveals the importance of types of research including\ndeductive and inductive methodologies; basic versus applied research\napproaches. Moreover, this guideline discusses data collection and analysis\nintricacies that divide data into quantitative and qualitative typologies. It\nexplains different ways in which data can be collected from observation to\nexperimentation, interviews or surveys. It also mentions ethical considerations\nin research emphasizing ethical behavior like following academic principles. In\ngeneral, this guideline is an essential tool for undertaking computer science\ndissertations that help researchers structure their work while maintaining\nethical standards in their study design.",
          "arxiv_id": "2405.00040v1"
        },
        {
          "title": "What Kind of Person Wins the Turing Award?",
          "year": "2021-04",
          "abstract": "Computer science has grown rapidly since its inception in the 1950s and the\npioneers in the field are celebrated annually by the A.M. Turing Award. In this\npaper, we attempt to shed light on the path to influential computer scientists\nby examining the characteristics of the 72 Turing Award laureates. To achieve\nthis goal, we build a comprehensive dataset of the Turing Award laureates and\nanalyze their characteristics, including their personal information, family\nbackground, academic background, and industry experience. The FP-Growth\nalgorithm is used for frequent feature mining. Logistic regression plot, pie\nchart, word cloud and map are generated accordingly for each of the interesting\nfeatures to uncover insights regarding personal factors that drive influential\nwork in the field of computer science. In particular, we show that the Turing\nAward laureates are most commonly white, male, married, United States citizen,\nand received a PhD degree. Our results also show that the age at which the\nlaureate won the award increases over the years; most of the Turing Award\nlaureates did not major in computer science; birth order is strongly related to\nthe winners' success; and the number of citations is not as important as one\nwould expect.",
          "arxiv_id": "2104.05636v1"
        },
        {
          "title": "History of generative Artificial Intelligence (AI) chatbots: past, present, and future development",
          "year": "2024-02",