{
  "topics": {
    "data": {
      "0": {
        "name": "0_video_model_models_image",
        "keywords": [
          [
            "video",
            0.030262564045947227
          ],
          [
            "model",
            0.0258894017169137
          ],
          [
            "models",
            0.02336547087901479
          ],
          [
            "image",
            0.02209704041983496
          ],
          [
            "visual",
            0.02167005831307116
          ],
          [
            "data",
            0.020897673263751745
          ],
          [
            "audio",
            0.01980667033124672
          ],
          [
            "performance",
            0.01838894281442856
          ],
          [
            "methods",
            0.018284674845348122
          ],
          [
            "learning",
            0.018231176911445175
          ]
        ],
        "count": 5493
      },
      "1": {
        "name": "1_image_watermarking_detection_images",
        "keywords": [
          [
            "image",
            0.03662386181498039
          ],
          [
            "watermarking",
            0.0252235787251767
          ],
          [
            "detection",
            0.02474144575537188
          ],
          [
            "images",
            0.024675394728320487
          ],
          [
            "methods",
            0.018553656000723517
          ],
          [
            "data",
            0.01850619597954223
          ],
          [
            "method",
            0.01814718888281271
          ],
          [
            "model",
            0.017202177255309085
          ],
          [
            "deepfake",
            0.01667371738714835
          ],
          [
            "attacks",
            0.015776898938024222
          ]
        ],
        "count": 484
      }
    },
    "correlations": [
      [
        1.0,
        -0.22920215286946777
      ],
      [
        -0.22920215286946777,
        1.0
      ]
    ],
    "series": {
      "2020-01": [
        15,
        19
      ],
      "2020-02": [
        24,
        16
      ],
      "2020-03": [
        26,
        20
      ],
      "2020-04": [
        32,
        28
      ],
      "2020-05": [
        33,
        24
      ],
      "2020-06": [
        24,
        23
      ],
      "2020-07": [
        34,
        23
      ],
      "2020-08": [
        35,
        29
      ],
      "2020-09": [
        34,
        27
      ],
      "2020-10": [
        51,
        28
      ],
      "2020-11": [
        27,
        21
      ],
      "2020-12": [
        25,
        22
      ],
      "2021-01": [
        36,
        25
      ],
      "2021-02": [
        25,
        21
      ],
      "2021-03": [
        34,
        20
      ],
      "2021-04": [
        51,
        29
      ],
      "2021-05": [
        33,
        21
      ],
      "2021-06": [
        33,
        26
      ],
      "2021-07": [
        46,
        19
      ],
      "2021-08": [
        39,
        33
      ],
      "2021-09": [
        33,
        22
      ],
      "2021-10": [
        40,
        26
      ],
      "2021-11": [
        26,
        14
      ],
      "2021-12": [
        39,
        28
      ],
      "2022-01": [
        32,
        36
      ],
      "2022-02": [
        27,
        18
      ],
      "2022-03": [
        52,
        36
      ],
      "2022-04": [
        37,
        27
      ],
      "2022-05": [
        40,
        27
      ],
      "2022-06": [
        44,
        27
      ],
      "2022-07": [
        69,
        40
      ],
      "2022-08": [
        52,
        31
      ],
      "2022-09": [
        37,
        37
      ],
      "2022-10": [
        59,
        40
      ],
      "2022-11": [
        55,
        35
      ],
      "2022-12": [
        35,
        33
      ],
      "2023-01": [
        37,
        15
      ],
      "2023-02": [
        39,
        31
      ],
      "2023-03": [
        60,
        47
      ],
      "2023-04": [
        54,
        28
      ],
      "2023-05": [
        88,
        60
      ],
      "2023-06": [
        45,
        34
      ],
      "2023-07": [
        49,
        29
      ],
      "2023-08": [
        71,
        61
      ],
      "2023-09": [
        82,
        42
      ],
      "2023-10": [
        64,
        45
      ],
      "2023-11": [
        72,
        27
      ],
      "2023-12": [
        61,
        34
      ],
      "2024-01": [
        56,
        28
      ],
      "2024-02": [
        57,
        29
      ],
      "2024-03": [
        78,
        41
      ],
      "2024-04": [
        74,
        41
      ],
      "2024-05": [
        68,
        36
      ],
      "2024-06": [
        78,
        38
      ],
      "2024-07": [
        95,
        48
      ],
      "2024-08": [
        77,
        44
      ],
      "2024-09": [
        92,
        56
      ],
      "2024-10": [
        96,
        40
      ],
      "2024-11": [
        69,
        30
      ],
      "2024-12": [
        111,
        52
      ],
      "2025-01": [
        50,
        19
      ],
      "2025-02": [
        64,
        24
      ],
      "2025-03": [
        82,
        50
      ],
      "2025-04": [
        92,
        47
      ],
      "2025-05": [
        115,
        37
      ],
      "2025-06": [
        92,
        45
      ],
      "2025-07": [
        114,
        30
      ],
      "2025-08": [
        117,
        45
      ],
      "2025-09": [
        43,
        17
      ]
    },
    "papers": {
      "0": [
        {
          "title": "Cross-Lingual Cross-Modal Retrieval with Noise-Robust Learning",
          "year": "2022-08",
          "abstract": "Despite the recent developments in the field of cross-modal retrieval, there\nhas been less research focusing on low-resource languages due to the lack of\nmanually annotated datasets. In this paper, we propose a noise-robust\ncross-lingual cross-modal retrieval method for low-resource languages. To this\nend, we use Machine Translation (MT) to construct pseudo-parallel sentence\npairs for low-resource languages. However, as MT is not perfect, it tends to\nintroduce noise during translation, rendering textual embeddings corrupted and\nthereby compromising the retrieval performance. To alleviate this, we introduce\na multi-view self-distillation method to learn noise-robust target-language\nrepresentations, which employs a cross-attention module to generate soft\npseudo-targets to provide direct supervision from the similarity-based view and\nfeature-based view. Besides, inspired by the back-translation in unsupervised\nMT, we minimize the semantic discrepancies between origin sentences and\nback-translated sentences to further improve the noise robustness of the\ntextual encoder. Extensive experiments are conducted on three video-text and\nimage-text cross-modal retrieval benchmarks across different languages, and the\nresults demonstrate that our method significantly improves the overall\nperformance without using extra human-labeled data. In addition, equipped with\na pre-trained visual encoder from a recent vision-and-language pre-training\nframework, i.e., CLIP, our model achieves a significant performance gain,\nshowing that our method is compatible with popular pre-training models. Code\nand data are available at https://github.com/HuiGuanLab/nrccr.",
          "arxiv_id": "2208.12526v1"
        },
        {
          "title": "ChinaOpen: A Dataset for Open-world Multimodal Learning",
          "year": "2023-05",