{
  "topics": {
    "data": {
      "0": {
        "name": "0_network_data_In_networks",
        "keywords": [
          [
            "network",
            0.04291576161197229
          ],
          [
            "data",
            0.030088809392292
          ],
          [
            "In",
            0.027410582307461823
          ],
          [
            "networks",
            0.026811505921001438
          ],
          [
            "performance",
            0.02316803205508507
          ],
          [
            "paper",
            0.022390624034431313
          ],
          [
            "time",
            0.020444225424045392
          ],
          [
            "communication",
            0.020267634864843998
          ],
          [
            "model",
            0.018642033079386392
          ],
          [
            "learning",
            0.01816381029011123
          ]
        ],
        "count": 11938
      },
      "1": {
        "name": "1_quantum_Quantum_entanglement_network",
        "keywords": [
          [
            "quantum",
            0.16435165082747225
          ],
          [
            "Quantum",
            0.059020885212499166
          ],
          [
            "entanglement",
            0.05578281373686896
          ],
          [
            "network",
            0.03585198851857576
          ],
          [
            "networks",
            0.03250155300923373
          ],
          [
            "quantum networks",
            0.026547660641879665
          ],
          [
            "QKD",
            0.0251536727404448
          ],
          [
            "classical",
            0.022054459783286295
          ],
          [
            "communication",
            0.020616966577032964
          ],
          [
            "distribution",
            0.020543043929963537
          ]
        ],
        "count": 311
      }
    },
    "correlations": [
      [
        1.0,
        -0.4668518147265247
      ],
      [
        -0.4668518147265247,
        1.0
      ]
    ],
    "series": {
      "2020-01": [
        155,
        1
      ],
      "2020-02": [
        177,
        1
      ],
      "2020-03": [
        161,
        6
      ],
      "2020-04": [
        198,
        1
      ],
      "2020-05": [
        176,
        2
      ],
      "2020-06": [
        174,
        1
      ],
      "2020-07": [
        181,
        3
      ],
      "2020-08": [
        167,
        0
      ],
      "2020-09": [
        133,
        1
      ],
      "2020-10": [
        168,
        3
      ],
      "2020-11": [
        148,
        1
      ],
      "2020-12": [
        165,
        6
      ],
      "2021-01": [
        184,
        1
      ],
      "2021-02": [
        172,
        0
      ],
      "2021-03": [
        147,
        0
      ],
      "2021-04": [
        169,
        1
      ],
      "2021-05": [
        195,
        5
      ],
      "2021-06": [
        164,
        3
      ],
      "2021-07": [
        144,
        1
      ],
      "2021-08": [
        138,
        1
      ],
      "2021-09": [
        169,
        2
      ],
      "2021-10": [
        159,
        2
      ],
      "2021-11": [
        152,
        7
      ],
      "2021-12": [
        148,
        8
      ],
      "2022-01": [
        211,
        1
      ],
      "2022-02": [
        161,
        2
      ],
      "2022-03": [
        161,
        2
      ],
      "2022-04": [
        142,
        4
      ],
      "2022-05": [
        176,
        10
      ],
      "2022-06": [
        115,
        1
      ],
      "2022-07": [
        136,
        5
      ],
      "2022-08": [
        153,
        1
      ],
      "2022-09": [
        167,
        3
      ],
      "2022-10": [
        159,
        4
      ],
      "2022-11": [
        173,
        4
      ],
      "2022-12": [
        139,
        6
      ],
      "2023-01": [
        154,
        5
      ],
      "2023-02": [
        137,
        0
      ],
      "2023-03": [
        152,
        3
      ],
      "2023-04": [
        140,
        6
      ],
      "2023-05": [
        163,
        11
      ],
      "2023-06": [
        156,
        8
      ],
      "2023-07": [
        173,
        7
      ],
      "2023-08": [
        161,
        7
      ],
      "2023-09": [
        181,
        1
      ],
      "2023-10": [
        187,
        5
      ],
      "2023-11": [
        165,
        5
      ],
      "2023-12": [
        200,
        7
      ],
      "2024-01": [
        204,
        8
      ],
      "2024-02": [
        213,
        6
      ],
      "2024-03": [
        194,
        2
      ],
      "2024-04": [
        196,
        7
      ],
      "2024-05": [
        215,
        15
      ],
      "2024-06": [
        161,
        6
      ],
      "2024-07": [
        204,
        13
      ],
      "2024-08": [
        166,
        8
      ],
      "2024-09": [
        169,
        10
      ],
      "2024-10": [
        199,
        9
      ],
      "2024-11": [
        192,
        5
      ],
      "2024-12": [
        185,
        6
      ],
      "2025-01": [
        237,
        11
      ],
      "2025-02": [
        192,
        7
      ],
      "2025-03": [
        201,
        6
      ],
      "2025-04": [
        177,
        8
      ],
      "2025-05": [
        215,
        10
      ],
      "2025-06": [
        184,
        6
      ],
      "2025-07": [
        236,
        8
      ],
      "2025-08": [
        249,
        9
      ],
      "2025-09": [
        120,
        9
      ]
    },
    "papers": {
      "0": [
        {
          "title": "A Deep Reinforcement Learning based Scheduler for IoT Devices in Co-existence with 5G-NR",
          "year": "2025-01",
          "abstract": "Co-existence of 5G New Radio (5G-NR) with IoT devices is considered as a\npromising technique to enhance the spectral usage and efficiency of future\ncellular networks. In this paper, a unified framework has been proposed for\nallocating in-band resource blocks (RBs), i.e., within a multi-cell network, to\n5G-NR users in co-existence with NB-IoT and LTE-M devices. First, a benchmark\n(upper-bound) scheduler has been designed for joint sub-carrier (SC) and\nmodulation and coding scheme (MCS) allocation that maximizes instantaneous\nthroughput and fairness among users/devices, while considering synchronous RB\nallocation in the neighboring cells. A series of numerical simulations with\nrealistic ICI in an urban scenario have been used to compute benchmark\nupper-bound solutions for characterizing performance in terms of throughput,\nfairness, and delay. Next, an edge learning based multi-agent deep\nreinforcement learning (DRL) framework has been developed for different DRL\nalgorithms, specifically, a policy-based gradient network (PGN), a deep\nQ-learning based network (DQN), and an actor-critic based deep deterministic\npolicy gradient network (DDPGN). The proposed DRL framework depends on\ninterference allocation, where the actions are based on inter-cell-interference\n(ICI) instead of power, which can bypass the need for raw data sharing and/or\ninter-agent communication. The numerical results reveal that the interference\nallocation based DRL schedulers can significantly outperform their\ncounterparts, where the actions are based on power allocation. Further, the\nperformance of the proposed policy-based edge learning algorithms is close to\nthe centralized ones.",
          "arxiv_id": "2501.11574v1"
        },
        {
          "title": "An Efficient Internet Traffic Classification System Using Deep Learning for IoT",
          "year": "2021-07",