{
  "topics": {
    "data": {
      "0": {
        "name": "0_data_paper_model_time",
        "keywords": [
          [
            "data",
            0.046907192361002124
          ],
          [
            "paper",
            0.03276343132575979
          ],
          [
            "model",
            0.029887062168605965
          ],
          [
            "time",
            0.029377443036902373
          ],
          [
            "models",
            0.02747336690984369
          ],
          [
            "process",
            0.02606088166645997
          ],
          [
            "research",
            0.02519326029054183
          ],
          [
            "systems",
            0.022948786474949905
          ],
          [
            "design",
            0.02220682192982722
          ],
          [
            "different",
            0.02179985175818939
          ]
        ],
        "count": 339
      },
      "1": {
        "name": "1_delay_circuit_circuits_design",
        "keywords": [
          [
            "delay",
            0.045416020721850234
          ],
          [
            "circuit",
            0.040029647036460426
          ],
          [
            "circuits",
            0.03669384311675539
          ],
          [
            "design",
            0.03665661164292356
          ],
          [
            "model",
            0.03626186100187392
          ],
          [
            "method",
            0.033447130478661456
          ],
          [
            "digital",
            0.03126642779119964
          ],
          [
            "simulation",
            0.02859221284515335
          ],
          [
            "analog",
            0.02707050622831325
          ],
          [
            "results",
            0.025204871813705808
          ]
        ],
        "count": 33
      }
    },
    "correlations": [
      [
        1.0,
        -0.1429670623546727
      ],
      [
        -0.1429670623546727,
        1.0
      ]
    ],
    "series": {
      "2020-01": [
        5,
        0
      ],
      "2020-02": [
        8,
        0
      ],
      "2020-03": [
        7,
        2
      ],
      "2020-04": [
        14,
        0
      ],
      "2020-05": [
        8,
        0
      ],
      "2020-06": [
        11,
        3
      ],
      "2020-07": [
        13,
        1
      ],
      "2020-08": [
        9,
        2
      ],
      "2020-09": [
        3,
        0
      ],
      "2020-10": [
        7,
        0
      ],
      "2020-11": [
        2,
        0
      ],
      "2020-12": [
        8,
        2
      ],
      "2021-01": [
        3,
        0
      ],
      "2021-02": [
        4,
        0
      ],
      "2021-03": [
        3,
        0
      ],
      "2021-04": [
        6,
        2
      ],
      "2021-05": [
        7,
        2
      ],
      "2021-06": [
        10,
        1
      ],
      "2021-07": [
        7,
        0
      ],
      "2021-08": [
        11,
        1
      ],
      "2021-09": [
        3,
        0
      ],
      "2021-10": [
        6,
        1
      ],
      "2021-11": [
        4,
        1
      ],
      "2021-12": [
        2,
        0
      ],
      "2022-01": [
        3,
        0
      ],
      "2022-02": [
        6,
        0
      ],
      "2022-03": [
        5,
        1
      ],
      "2022-04": [
        5,
        1
      ],
      "2022-05": [
        7,
        1
      ],
      "2022-06": [
        2,
        1
      ],
      "2022-08": [
        6,
        0
      ],
      "2022-09": [
        6,
        0
      ],
      "2022-10": [
        6,
        1
      ],
      "2022-11": [
        4,
        1
      ],
      "2022-12": [
        3,
        0
      ],
      "2023-01": [
        9,
        1
      ],
      "2023-02": [
        4,
        0
      ],
      "2023-03": [
        4,
        1
      ],
      "2023-04": [
        2,
        0
      ],
      "2023-05": [
        3,
        2
      ],
      "2023-06": [
        5,
        1
      ],
      "2023-07": [
        8,
        1
      ],
      "2023-08": [
        3,
        0
      ],
      "2023-09": [
        4,
        0
      ],
      "2023-10": [
        7,
        0
      ],
      "2023-11": [
        1,
        2
      ],
      "2023-12": [
        2,
        0
      ],
      "2024-01": [
        5,
        0
      ],
      "2024-02": [
        10,
        1
      ],
      "2024-03": [
        3,
        0
      ],
      "2024-04": [
        3,
        0
      ],
      "2024-05": [
        2,
        2
      ],
      "2024-06": [
        1,
        1
      ],
      "2024-07": [
        2,
        0
      ],
      "2024-08": [
        5,
        0
      ],
      "2024-09": [
        2,
        1
      ],
      "2024-10": [
        6,
        1
      ],
      "2024-11": [
        2,
        0
      ],
      "2024-12": [
        5,
        1
      ],
      "2025-01": [
        1,
        0
      ],
      "2025-02": [
        5,
        1
      ],
      "2025-03": [
        1,
        1
      ],
      "2025-04": [
        7,
        2
      ],
      "2025-05": [
        4,
        0
      ],
      "2025-06": [
        5,
        0
      ],
      "2025-07": [
        3,
        2
      ],
      "2025-08": [
        4,
        0
      ],
      "2025-09": [
        2,
        0
      ]
    },
    "papers": {
      "0": [
        {
          "title": "NDE 4.0 From Design Thinking to Strategy",
          "year": "2020-03",
          "abstract": "Cyber technologies are offering new horizons for quality control in\nmanufacturing and safety assurance in-service of physical assets. The line\nbetween non-destructive evaluation (NDE) and Industry 4.0 is getting blurred\nsince both are sensory data-driven domains. This multidisciplinary approach has\nled to the emergence of a new capability: NDE 4.0. The NDT community is coming\ntogether once again to define the purpose, chart the process, and address the\nadoption of emerging technologies. In this paper, the authors have taken a\ndesign thinking approach to spotlight proper objectives for research on this\nsubject. It begins with qualitative research on twenty different perceptions of\nstakeholders and misconceptions around the current state of NDE. The\ninterpretation is used to define ten value propositions or use cases under \"NDE\nfor Industry 4.0\" and \"Industry 4.0 for NDE\" leading up to the clarity of\npurpose for NDE 4.0, enhanced safety and economic value for stakeholders. To\npursue this worthy cause, the paper delves into some of the top adoption\nchallenges, and proposes a journey of managed innovation, conscious skills\ndevelopment, and a new form of leadership required to succeed in the\ncyber-physical world.",
          "arxiv_id": "2003.07773v2"
        },
        {
          "title": "A Brief Discussion on the Philosophical Principles and Development Directions of Data Circulation",
          "year": "2024-07",