{
  "topics": {
    "data": {
      "0": {
        "name": "0_code_language_programming_program",
        "keywords": [
          [
            "code",
            0.03810130025852554
          ],
          [
            "language",
            0.03455731519540369
          ],
          [
            "programming",
            0.029950850510218913
          ],
          [
            "program",
            0.0290271505321058
          ],
          [
            "programs",
            0.028535906327487873
          ],
          [
            "data",
            0.025586952583346916
          ],
          [
            "type",
            0.02319117664226687
          ],
          [
            "model",
            0.021788987140023853
          ],
          [
            "paper",
            0.02160755822259952
          ],
          [
            "approach",
            0.020556590818176346
          ]
        ],
        "count": 4322
      },
      "1": {
        "name": "1_quantum_Quantum_circuit_classical",
        "keywords": [
          [
            "quantum",
            0.22266881956163911
          ],
          [
            "Quantum",
            0.061282769013532246
          ],
          [
            "circuit",
            0.04568301250468016
          ],
          [
            "classical",
            0.03880962389878631
          ],
          [
            "circuits",
            0.03850735818805607
          ],
          [
            "quantum programming",
            0.03393215930880466
          ],
          [
            "programming",
            0.03225724165539966
          ],
          [
            "programs",
            0.029837116267544456
          ],
          [
            "language",
            0.023897145573908554
          ],
          [
            "computing",
            0.02360898393894562
          ]
        ],
        "count": 174
      }
    },
    "correlations": [
      [
        1.0,
        -0.7459421460446303
      ],
      [
        -0.7459421460446303,
        1.0
      ]
    ],
    "series": {
      "2020-01": [
        47,
        0
      ],
      "2020-02": [
        63,
        0
      ],
      "2020-03": [
        35,
        4
      ],
      "2020-04": [
        65,
        3
      ],
      "2020-05": [
        57,
        5
      ],
      "2020-06": [
        46,
        0
      ],
      "2020-07": [
        56,
        1
      ],
      "2020-08": [
        60,
        0
      ],
      "2020-09": [
        52,
        1
      ],
      "2020-10": [
        88,
        2
      ],
      "2020-11": [
        48,
        0
      ],
      "2020-12": [
        42,
        3
      ],
      "2021-01": [
        62,
        5
      ],
      "2021-02": [
        50,
        0
      ],
      "2021-03": [
        61,
        1
      ],
      "2021-04": [
        59,
        1
      ],
      "2021-05": [
        63,
        1
      ],
      "2021-06": [
        56,
        1
      ],
      "2021-07": [
        69,
        3
      ],
      "2021-08": [
        73,
        1
      ],
      "2021-09": [
        55,
        5
      ],
      "2021-10": [
        52,
        3
      ],
      "2021-11": [
        54,
        5
      ],
      "2021-12": [
        55,
        4
      ],
      "2022-01": [
        50,
        2
      ],
      "2022-02": [
        52,
        2
      ],
      "2022-03": [
        64,
        0
      ],
      "2022-04": [
        30,
        6
      ],
      "2022-05": [
        72,
        7
      ],
      "2022-06": [
        48,
        2
      ],
      "2022-07": [
        74,
        1
      ],
      "2022-08": [
        61,
        0
      ],
      "2022-09": [
        64,
        0
      ],
      "2022-10": [
        51,
        4
      ],
      "2022-11": [
        59,
        4
      ],
      "2022-12": [
        60,
        2
      ],
      "2023-01": [
        49,
        0
      ],
      "2023-02": [
        55,
        3
      ],
      "2023-03": [
        62,
        3
      ],
      "2023-04": [
        54,
        4
      ],
      "2023-05": [
        83,
        1
      ],
      "2023-06": [
        46,
        2
      ],
      "2023-07": [
        77,
        1
      ],
      "2023-08": [
        56,
        1
      ],
      "2023-09": [
        77,
        1
      ],
      "2023-10": [
        72,
        5
      ],
      "2023-11": [
        75,
        10
      ],
      "2023-12": [
        70,
        0
      ],
      "2024-01": [
        62,
        2
      ],
      "2024-02": [
        58,
        3
      ],
      "2024-03": [
        83,
        1
      ],
      "2024-04": [
        88,
        4
      ],
      "2024-05": [
        79,
        1
      ],
      "2024-06": [
        54,
        4
      ],
      "2024-07": [
        60,
        2
      ],
      "2024-08": [
        63,
        4
      ],
      "2024-09": [
        49,
        6
      ],
      "2024-10": [
        74,
        3
      ],
      "2024-11": [
        74,
        3
      ],
      "2024-12": [
        64,
        4
      ],
      "2025-01": [
        68,
        5
      ],
      "2025-02": [
        80,
        3
      ],
      "2025-03": [
        77,
        2
      ],
      "2025-04": [
        84,
        9
      ],
      "2025-05": [
        84,
        2
      ],
      "2025-06": [
        59,
        4
      ],
      "2025-07": [
        93,
        4
      ],
      "2025-08": [
        89,
        3
      ],
      "2025-09": [
        45,
        1
      ]
    },
    "papers": {
      "0": [
        {
          "title": "MultiPL-E: A Scalable and Extensible Approach to Benchmarking Neural Code Generation",
          "year": "2022-08",
          "abstract": "Large language models have demonstrated the ability to generate both natural\nlanguage and programming language text. Such models open up the possibility of\nmulti-language code generation: could code generation models generalize\nknowledge from one language to another? Although contemporary code generation\nmodels can generate semantically correct Python code, little is known about\ntheir abilities with other languages. We propose MultiPL-E, a system for\ntranslating unit test-driven code generation benchmarks to new languages. We\ncreate the first massively multilingual code generation benchmark by using\nMultiPL-E to translate two popular Python code generation benchmarks to 18\nadditional programming languages.\n  We use MultiPL-E to extend the HumanEval benchmark and MBPP benchmark to 18\nlanguages that encompass a range of programming paradigms and popularity. Using\nthese new parallel benchmarks, we evaluate the multi-language performance of\nthree state-of-the-art code generation models: Codex, CodeGen, and InCoder. We\nfind that Codex matches or even exceeds its performance on Python for several\nother languages. The range of programming languages represented in MultiPL-E\nallow us to explore the impact of language frequency and language features on\nmodel performance. Finally, the MultiPL-E approach of compiling code generation\nbenchmarks to new programming languages is both scalable and extensible, making\nit straightforward to evaluate new models, benchmarks, and languages.",
          "arxiv_id": "2208.08227v4"
        },
        {
          "title": "An Exploratory Study on Code Attention in BERT",
          "year": "2022-04",