{
  "topics": {
    "data": {
      "0": {
        "name": "0_control_systems_time_model",
        "keywords": [
          [
            "control",
            0.03183959140540616
          ],
          [
            "systems",
            0.021804226449939176
          ],
          [
            "time",
            0.02107190587838596
          ],
          [
            "model",
            0.020050320921229926
          ],
          [
            "paper",
            0.017512846672097095
          ],
          [
            "problem",
            0.016148719979436864
          ],
          [
            "data",
            0.016092434097157878
          ],
          [
            "approach",
            0.015458434897501289
          ],
          [
            "state",
            0.01506701091802565
          ],
          [
            "performance",
            0.014557928947124437
          ]
        ],
        "count": 23345
      },
      "1": {
        "name": "1_power_energy_model_grid",
        "keywords": [
          [
            "power",
            0.04236085191146794
          ],
          [
            "energy",
            0.0318337665690076
          ],
          [
            "model",
            0.022000002715425668
          ],
          [
            "grid",
            0.021887866549887686
          ],
          [
            "paper",
            0.017269230958511607
          ],
          [
            "control",
            0.017236038207569884
          ],
          [
            "systems",
            0.015882567379351238
          ],
          [
            "data",
            0.015830516975458803
          ],
          [
            "voltage",
            0.013432811050311166
          ],
          [
            "method",
            0.01332318585236122
          ]
        ],
        "count": 6248
      }
    },
    "correlations": [
      [
        1.0,
        -0.28275388636426646
      ],
      [
        -0.28275388636426646,
        1.0
      ]
    ],
    "series": {
      "2020-01": [
        199,
        54
      ],
      "2020-02": [
        223,
        53
      ],
      "2020-03": [
        340,
        85
      ],
      "2020-04": [
        314,
        78
      ],
      "2020-05": [
        288,
        85
      ],
      "2020-06": [
        275,
        81
      ],
      "2020-07": [
        249,
        81
      ],
      "2020-08": [
        254,
        75
      ],
      "2020-09": [
        295,
        79
      ],
      "2020-10": [
        269,
        93
      ],
      "2020-11": [
        350,
        83
      ],
      "2020-12": [
        280,
        75
      ],
      "2021-01": [
        247,
        78
      ],
      "2021-02": [
        279,
        89
      ],
      "2021-03": [
        465,
        104
      ],
      "2021-04": [
        311,
        98
      ],
      "2021-05": [
        273,
        72
      ],
      "2021-06": [
        280,
        94
      ],
      "2021-07": [
        247,
        78
      ],
      "2021-08": [
        250,
        72
      ],
      "2021-09": [
        332,
        76
      ],
      "2021-10": [
        309,
        114
      ],
      "2021-11": [
        288,
        91
      ],
      "2021-12": [
        257,
        86
      ],
      "2022-01": [
        237,
        71
      ],
      "2022-02": [
        254,
        69
      ],
      "2022-03": [
        392,
        108
      ],
      "2022-04": [
        311,
        79
      ],
      "2022-05": [
        296,
        69
      ],
      "2022-06": [
        268,
        78
      ],
      "2022-07": [
        297,
        106
      ],
      "2022-08": [
        273,
        81
      ],
      "2022-09": [
        372,
        93
      ],
      "2022-10": [
        322,
        87
      ],
      "2022-11": [
        351,
        93
      ],
      "2022-12": [
        302,
        97
      ],
      "2023-01": [
        252,
        98
      ],
      "2023-02": [
        234,
        86
      ],
      "2023-03": [
        401,
        125
      ],
      "2023-04": [
        410,
        119
      ],
      "2023-05": [
        345,
        109
      ],
      "2023-06": [
        281,
        69
      ],
      "2023-07": [
        296,
        86
      ],
      "2023-08": [
        289,
        91
      ],
      "2023-09": [
        424,
        96
      ],
      "2023-10": [
        366,
        154
      ],
      "2023-11": [
        370,
        115
      ],
      "2023-12": [
        359,
        91
      ],
      "2024-01": [
        364,
        108
      ],
      "2024-02": [
        336,
        82
      ],
      "2024-03": [
        537,
        111
      ],
      "2024-04": [
        361,
        95
      ],
      "2024-05": [
        406,
        111
      ],
      "2024-06": [
        336,
        82
      ],
      "2024-07": [
        326,
        81
      ],
      "2024-08": [
        340,
        95
      ],
      "2024-09": [
        461,
        114
      ],
      "2024-10": [
        458,
        120
      ],
      "2024-11": [
        399,
        118
      ],
      "2024-12": [
        337,
        111
      ],
      "2025-01": [
        376,
        101
      ],
      "2025-02": [
        387,
        97
      ],
      "2025-03": [
        566,
        126
      ],
      "2025-04": [
        531,
        113
      ],
      "2025-05": [
        471,
        115
      ],
      "2025-06": [
        424,
        113
      ],
      "2025-07": [
        461,
        133
      ],
      "2025-08": [
        416,
        117
      ],
      "2025-09": [
        265,
        72
      ]
    },
    "papers": {
      "0": [
        {
          "title": "Approximation-free Control of Unknown Euler-Lagrangian Systems under Input Constraints",
          "year": "2025-07",
          "abstract": "In this paper, we present a novel funnel-based tracking control algorithm for\nrobotic systems with unknown dynamics and prescribed input constraints. The\nEuler-Lagrange formulation, a common modeling approach for robotic systems, has\nbeen adopted in this study to address the trade-off between performance and\nactuator safety. We establish feasibility conditions that ensure tracking\nerrors evolve within predefined funnel bounds while maintaining bounded control\nefforts, a crucial consideration for robots with limited actuation\ncapabilities. We propose two approximation-free control strategies for\nscenarios where these conditions are violated: one actively corrects the error,\nand the other stops further deviation. Finally, we demonstrate the robust\nperformance and safety of the approach through simulations and experimental\nvalidations. This work represents a significant advancement in funnel-based\ncontrol, enhancing its applicability to real-world robotics systems with input\nconstraints.",
          "arxiv_id": "2507.01426v1"
        },
        {
          "title": "Robust and Kernelized Data-Enabled Predictive Control for Nonlinear Systems",
          "year": "2022-06",