{
  "topics": {
    "data": {
      "0": {
        "name": "0_model_data_models_treatment",
        "keywords": [
          [
            "model",
            0.027876534016465924
          ],
          [
            "data",
            0.02666525134679648
          ],
          [
            "models",
            0.023781421875066204
          ],
          [
            "treatment",
            0.02241359106395023
          ],
          [
            "time",
            0.018828804930347696
          ],
          [
            "effects",
            0.01850320876104265
          ],
          [
            "paper",
            0.017933257919960754
          ],
          [
            "estimation",
            0.01724485455751527
          ],
          [
            "estimator",
            0.016162149718166485
          ],
          [
            "method",
            0.015575264369723
          ]
        ],
        "count": 3203
      },
      "1": {
        "name": "1_network_effects_peer_model",
        "keywords": [
          [
            "network",
            0.07880939523781345
          ],
          [
            "effects",
            0.03532708739118641
          ],
          [
            "peer",
            0.03530794668813197
          ],
          [
            "model",
            0.031651913787327436
          ],
          [
            "estimator",
            0.030422488738684087
          ],
          [
            "networks",
            0.02858646452317388
          ],
          [
            "data",
            0.028132303768057365
          ],
          [
            "formation",
            0.025239963302809053
          ],
          [
            "peer effects",
            0.022674455800566415
          ],
          [
            "network formation",
            0.020444311936864298
          ]
        ],
        "count": 65
      }
    },
    "correlations": [
      [
        1.0,
        -0.13875881328755135
      ],
      [
        -0.13875881328755135,
        1.0
      ]
    ],
    "series": {
      "2020-01": [
        20,
        4
      ],
      "2020-02": [
        41,
        5
      ],
      "2020-03": [
        29,
        0
      ],
      "2020-04": [
        49,
        4
      ],
      "2020-05": [
        42,
        8
      ],
      "2020-06": [
        66,
        6
      ],
      "2020-07": [
        39,
        6
      ],
      "2020-08": [
        37,
        3
      ],
      "2020-09": [
        41,
        6
      ],
      "2020-10": [
        45,
        11
      ],
      "2020-11": [
        44,
        2
      ],
      "2020-12": [
        44,
        7
      ],
      "2021-01": [
        29,
        9
      ],
      "2021-02": [
        58,
        7
      ],
      "2021-03": [
        51,
        8
      ],
      "2021-04": [
        31,
        6
      ],
      "2021-05": [
        28,
        12
      ],
      "2021-06": [
        27,
        6
      ],
      "2021-07": [
        30,
        8
      ],
      "2021-08": [
        37,
        3
      ],
      "2021-09": [
        41,
        9
      ],
      "2021-10": [
        51,
        5
      ],
      "2021-11": [
        44,
        6
      ],
      "2021-12": [
        43,
        7
      ],
      "2022-01": [
        47,
        6
      ],
      "2022-02": [
        43,
        4
      ],
      "2022-03": [
        33,
        6
      ],
      "2022-04": [
        45,
        6
      ],
      "2022-05": [
        51,
        11
      ],
      "2022-06": [
        31,
        10
      ],
      "2022-07": [
        34,
        4
      ],
      "2022-08": [
        35,
        7
      ],
      "2022-09": [
        43,
        5
      ],
      "2022-10": [
        44,
        8
      ],
      "2022-11": [
        40,
        9
      ],
      "2022-12": [
        39,
        9
      ],
      "2023-01": [
        50,
        6
      ],
      "2023-02": [
        45,
        4
      ],
      "2023-03": [
        34,
        7
      ],
      "2023-04": [
        28,
        7
      ],
      "2023-05": [
        37,
        8
      ],
      "2023-06": [
        41,
        8
      ],
      "2023-07": [
        51,
        10
      ],
      "2023-08": [
        47,
        6
      ],
      "2023-09": [
        36,
        13
      ],
      "2023-10": [
        55,
        8
      ],
      "2023-11": [
        45,
        7
      ],
      "2023-12": [
        50,
        5
      ],
      "2024-01": [
        43,
        8
      ],
      "2024-02": [
        56,
        9
      ],
      "2024-03": [
        53,
        11
      ],
      "2024-04": [
        52,
        5
      ],
      "2024-05": [
        66,
        11
      ],
      "2024-06": [
        54,
        5
      ],
      "2024-07": [
        52,
        4
      ],
      "2024-08": [
        52,
        10
      ],
      "2024-09": [
        43,
        9
      ],
      "2024-10": [
        57,
        16
      ],
      "2024-11": [
        62,
        10
      ],
      "2024-12": [
        59,
        6
      ],
      "2025-01": [
        53,
        12
      ],
      "2025-02": [
        48,
        12
      ],
      "2025-03": [
        61,
        7
      ],
      "2025-04": [
        37,
        10
      ],
      "2025-05": [
        62,
        12
      ],
      "2025-06": [
        71,
        13
      ],
      "2025-07": [
        61,
        16
      ],
      "2025-08": [
        44,
        5
      ],
      "2025-09": [
        35,
        5
      ]
    },
    "papers": {
      "0": [
        {
          "title": "Safe Policy Learning under Regression Discontinuity Designs with Multiple Cutoffs",
          "year": "2022-08",
          "abstract": "The regression discontinuity (RD) design is widely used for program\nevaluation with observational data. The primary focus of the existing\nliterature has been the estimation of the local average treatment effect at the\nexisting treatment cutoff. In contrast, we consider policy learning under the\nRD design. Because the treatment assignment mechanism is deterministic,\nlearning better treatment cutoffs requires extrapolation. We develop a robust\noptimization approach to finding optimal treatment cutoffs that improve upon\nthe existing ones. We first decompose the expected utility into\npoint-identifiable and unidentifiable components. We then propose an efficient\ndoubly-robust estimator for the identifiable parts. To account for the\nunidentifiable components, we leverage the existence of multiple cutoffs that\nare common under the RD design. Specifically, we assume that the heterogeneity\nin the conditional expectations of potential outcomes across different groups\nvary smoothly along the running variable. Under this assumption, we minimize\nthe worst case utility loss relative to the status quo policy. The resulting\nnew treatment cutoffs have a safety guarantee that they will not yield a worse\noverall outcome than the existing cutoffs. Finally, we establish the asymptotic\nregret bounds for the learned policy using semi-parametric efficiency theory.\nWe apply the proposed methodology to empirical and simulated data sets.",
          "arxiv_id": "2208.13323v4"
        },
        {
          "title": "The Identification Power of Combining Experimental and Observational Data for Distributional Treatment Effect Parameters",
          "year": "2025-08",