{
  "topics": {
    "data": {
      "0": {
        "name": "0_control_systems_time_model",
        "keywords": [
          [
            "control",
            0.03186262414661293
          ],
          [
            "systems",
            0.021840152107191632
          ],
          [
            "time",
            0.021118161037561613
          ],
          [
            "model",
            0.020090513887095332
          ],
          [
            "paper",
            0.01751760999018022
          ],
          [
            "problem",
            0.016168996838823092
          ],
          [
            "data",
            0.016133351771089925
          ],
          [
            "approach",
            0.01548502816266419
          ],
          [
            "state",
            0.015088216051293952
          ],
          [
            "performance",
            0.014578389756929497
          ]
        ],
        "count": 23336
      },
      "1": {
        "name": "1_power_energy_model_grid",
        "keywords": [
          [
            "power",
            0.04251486131096004
          ],
          [
            "energy",
            0.031820844737421354
          ],
          [
            "model",
            0.02194595451574681
          ],
          [
            "grid",
            0.021911832579163577
          ],
          [
            "paper",
            0.017307788538549303
          ],
          [
            "control",
            0.017205280248089115
          ],
          [
            "systems",
            0.01581769345048593
          ],
          [
            "data",
            0.015759283607737345
          ],
          [
            "voltage",
            0.01345077240956069
          ],
          [
            "method",
            0.013354040598530586
          ]
        ],
        "count": 6247
      }
    },
    "correlations": [
      [
        1.0,
        -0.2829584582361101
      ],
      [
        -0.2829584582361101,
        1.0
      ]
    ],
    "series": {
      "2020-01": [
        199,
        54
      ],
      "2020-02": [
        222,
        54
      ],
      "2020-03": [
        341,
        84
      ],
      "2020-04": [
        313,
        79
      ],
      "2020-05": [
        288,
        85
      ],
      "2020-06": [
        277,
        79
      ],
      "2020-07": [
        248,
        82
      ],
      "2020-08": [
        254,
        75
      ],
      "2020-09": [
        295,
        79
      ],
      "2020-10": [
        269,
        93
      ],
      "2020-11": [
        348,
        85
      ],
      "2020-12": [
        279,
        76
      ],
      "2021-01": [
        247,
        78
      ],
      "2021-02": [
        279,
        89
      ],
      "2021-03": [
        466,
        103
      ],
      "2021-04": [
        310,
        99
      ],
      "2021-05": [
        273,
        72
      ],
      "2021-06": [
        280,
        94
      ],
      "2021-07": [
        247,
        78
      ],
      "2021-08": [
        250,
        72
      ],
      "2021-09": [
        331,
        77
      ],
      "2021-10": [
        309,
        114
      ],
      "2021-11": [
        288,
        91
      ],
      "2021-12": [
        256,
        87
      ],
      "2022-01": [
        236,
        72
      ],
      "2022-02": [
        254,
        69
      ],
      "2022-03": [
        391,
        109
      ],
      "2022-04": [
        310,
        80
      ],
      "2022-05": [
        296,
        69
      ],
      "2022-06": [
        269,
        77
      ],
      "2022-07": [
        296,
        107
      ],
      "2022-08": [
        273,
        81
      ],
      "2022-09": [
        373,
        92
      ],
      "2022-10": [
        322,
        87
      ],
      "2022-11": [
        352,
        92
      ],
      "2022-12": [
        301,
        98
      ],
      "2023-01": [
        249,
        101
      ],
      "2023-02": [
        234,
        86
      ],
      "2023-03": [
        401,
        125
      ],
      "2023-04": [
        409,
        120
      ],
      "2023-05": [
        344,
        110
      ],
      "2023-06": [
        279,
        71
      ],
      "2023-07": [
        296,
        86
      ],
      "2023-08": [
        290,
        90
      ],
      "2023-09": [
        421,
        99
      ],
      "2023-10": [
        366,
        154
      ],
      "2023-11": [
        368,
        117
      ],
      "2023-12": [
        361,
        89
      ],
      "2024-01": [
        364,
        108
      ],
      "2024-02": [
        336,
        82
      ],
      "2024-03": [
        538,
        110
      ],
      "2024-04": [
        362,
        94
      ],
      "2024-05": [
        406,
        111
      ],
      "2024-06": [
        335,
        83
      ],
      "2024-07": [
        326,
        81
      ],
      "2024-08": [
        340,
        95
      ],
      "2024-09": [
        462,
        113
      ],
      "2024-10": [
        458,
        120
      ],
      "2024-11": [
        397,
        120
      ],
      "2024-12": [
        335,
        113
      ],
      "2025-01": [
        375,
        101
      ],
      "2025-02": [
        384,
        97
      ],
      "2025-03": [
        566,
        126
      ],
      "2025-04": [
        529,
        112
      ],
      "2025-05": [
        472,
        114
      ],
      "2025-06": [
        423,
        114
      ],
      "2025-07": [
        460,
        133
      ],
      "2025-08": [
        416,
        116
      ],
      "2025-09": [
        263,
        73
      ]
    },
    "papers": {
      "0": [
        {
          "title": "Iterative Convex Optimization for Model Predictive Control with Discrete-Time High-Order Control Barrier Functions",
          "year": "2022-10",
          "abstract": "Safety is one of the fundamental challenges in control theory. Recently,\nmulti-step optimal control problems for discrete-time dynamical systems were\nformulated to enforce stability, while subject to input constraints as well as\nsafety-critical requirements using discrete-time control barrier functions\nwithin a model predictive control (MPC) framework. Existing work usually focus\non the feasibility or the safety for the optimization problem, and the majority\nof the existing work restrict the discussions to relative-degree one control\nbarrier functions. Additionally, the real-time computation is challenging when\na large horizon is considered in the MPC problem for relative-degree one or\nhigh-order control barrier functions. In this paper, we propose a framework\nthat solves the safety-critical MPC problem in an iterative optimization, which\nis applicable for any relative-degree control barrier functions. In the\nproposed formulation, the nonlinear system dynamics as well as the safety\nconstraints modeled as discrete-time high-order control barrier functions\n(DHOCBF) are linearized at each time step. Our formulation is generally valid\nfor any control barrier function with an arbitrary relative-degree. The\nadvantages of fast computational performance with safety guarantee are analyzed\nand validated with numerical results.",
          "arxiv_id": "2210.04361v3"
        },
        {
          "title": "Deterministic policy gradient based optimal control with probabilistic constraints",
          "year": "2023-05",