{
  "topics": {
    "data": {
      "0": {
        "name": "0_quantum_algebra_algebras_category",
        "keywords": [
          [
            "quantum",
            0.05464682653857406
          ],
          [
            "algebra",
            0.05346418402850361
          ],
          [
            "algebras",
            0.05154142865963089
          ],
          [
            "category",
            0.029881020967829477
          ],
          [
            "group",
            0.029760208300875505
          ],
          [
            "theory",
            0.029203092535193258
          ],
          [
            "modules",
            0.025873965087466196
          ],
          [
            "type",
            0.023865090422603402
          ],
          [
            "categories",
            0.023788296463090365
          ],
          [
            "finite",
            0.022606406184278297
          ]
        ],
        "count": 4369
      },
      "1": {
        "name": "1_Baxter_solutions_Yang_algebras",
        "keywords": [
          [
            "Baxter",
            0.11389291780821399
          ],
          [
            "solutions",
            0.07480830776569812
          ],
          [
            "Yang",
            0.07233598420656911
          ],
          [
            "algebras",
            0.0671185161851135
          ],
          [
            "equation",
            0.06177230856935927
          ],
          [
            "Lie",
            0.057277425663002646
          ],
          [
            "Rota",
            0.051358796398307975
          ],
          [
            "operators",
            0.03557063279634879
          ],
          [
            "set",
            0.03161666771540419
          ],
          [
            "algebra",
            0.030860763222735652
          ]
        ],
        "count": 237
      }
    },
    "correlations": [
      [
        1.0,
        -0.4239638661508865
      ],
      [
        -0.4239638661508865,
        1.0
      ]
    ],
    "series": {
      "2020-01": [
        56,
        1
      ],
      "2020-02": [
        49,
        8
      ],
      "2020-03": [
        62,
        6
      ],
      "2020-04": [
        64,
        6
      ],
      "2020-05": [
        71,
        2
      ],
      "2020-06": [
        44,
        1
      ],
      "2020-07": [
        52,
        7
      ],
      "2020-08": [
        62,
        7
      ],
      "2020-09": [
        62,
        9
      ],
      "2020-10": [
        55,
        6
      ],
      "2020-11": [
        58,
        3
      ],
      "2020-12": [
        60,
        8
      ],
      "2021-01": [
        45,
        5
      ],
      "2021-02": [
        34,
        7
      ],
      "2021-03": [
        65,
        2
      ],
      "2021-04": [
        54,
        1
      ],
      "2021-05": [
        51,
        4
      ],
      "2021-06": [
        57,
        6
      ],
      "2021-07": [
        69,
        7
      ],
      "2021-08": [
        48,
        1
      ],
      "2021-09": [
        56,
        6
      ],
      "2021-10": [
        48,
        6
      ],
      "2021-11": [
        58,
        1
      ],
      "2021-12": [
        70,
        8
      ],
      "2022-01": [
        42,
        4
      ],
      "2022-02": [
        53,
        4
      ],
      "2022-03": [
        69,
        4
      ],
      "2022-04": [
        52,
        5
      ],
      "2022-05": [
        49,
        8
      ],
      "2022-06": [
        48,
        8
      ],
      "2022-07": [
        61,
        4
      ],
      "2022-08": [
        58,
        4
      ],
      "2022-09": [
        62,
        6
      ],
      "2022-10": [
        58,
        5
      ],
      "2022-11": [
        76,
        9
      ],
      "2022-12": [
        66,
        7
      ],
      "2023-01": [
        55,
        4
      ],
      "2023-02": [
        61,
        5
      ],
      "2023-03": [
        62,
        11
      ],
      "2023-04": [
        63,
        5
      ],
      "2023-05": [
        74,
        7
      ],
      "2023-06": [
        65,
        6
      ],
      "2023-07": [
        69,
        5
      ],
      "2023-08": [
        64,
        7
      ],
      "2023-09": [
        57,
        10
      ],
      "2023-10": [
        41,
        9
      ],
      "2023-11": [
        66,
        7
      ],
      "2023-12": [
        89,
        8
      ],
      "2024-01": [
        52,
        7
      ],
      "2024-02": [
        73,
        4
      ],
      "2024-03": [
        75,
        6
      ],
      "2024-04": [
        55,
        7
      ],
      "2024-05": [
        59,
        8
      ],
      "2024-06": [
        78,
        4
      ],
      "2024-07": [
        64,
        6
      ],
      "2024-08": [
        69,
        7
      ],
      "2024-09": [
        56,
        9
      ],
      "2024-10": [
        81,
        6
      ],
      "2024-11": [
        67,
        4
      ],
      "2024-12": [
        93,
        6
      ],
      "2025-01": [
        59,
        7
      ],
      "2025-02": [
        60,
        4
      ],
      "2025-03": [
        70,
        11
      ],
      "2025-04": [
        66,
        11
      ],
      "2025-05": [
        68,
        6
      ],
      "2025-06": [
        67,
        6
      ],
      "2025-07": [
        73,
        1
      ],
      "2025-08": [
        73,
        6
      ],
      "2025-09": [
        39,
        3
      ]
    },
    "papers": {
      "0": [
        {
          "title": "An algebraic theory for logarithmic Kazhdan-Lusztig correspondences",
          "year": "2023-06",
          "abstract": "Let $\\mathcal{U}$ be a braided tensor category, typically unknown,\ncomplicated and in particular non-semisimple. We characterize $\\mathcal{U}$\nunder the assumption that there exists a commutative algebra $A$ in\n$\\mathcal{U}$ with certain properties: Let $\\mathcal{C}$ be the category of\nlocal $A$-modules in $\\mathcal{U}$ and $\\mathcal{B}$ the category of\n$A$-modules in $\\mathcal{U}$, which are in our set-up usually much simpler\ncategories than $\\mathcal{U}$. Then we can characterize $\\mathcal{U}$ as a\nrelative Drinfeld center $\\mathcal{Z}_\\mathcal{C}(\\mathcal{B})$ and\n$\\mathcal{B}$ as representations of a certain Hopf algebra inside\n$\\mathcal{C}$.\n  In particular this allows us to reduce braided tensor equivalences to the\nknowledge of abelian equivalences, e.g. if we already know that $\\mathcal{U}$\nis abelian equivalent to the category of modules of some quantum group $U_q$ or\nsome generalization thereof, and if $\\mathcal{C}$ is braided equivalent to a\ncategory of graded vector spaces, and if $A$ has a certain form, then we\nalready obtain a braided tensor equivalence between $\\mathcal{U}$ and\n$\\mathrm{Rep}(U_q)$.\n  A main application of our theory is to prove logarithmic Kazhdan-Lusztig\ncorrespondences, that is, equivalences of braided tensor categories of\nrepresentations of vertex algebras and of quantum groups. Here, the algebra $A$\nand the corresponding category $\\mathcal{C}$ are a-priori given by a free-field\nrealization of the vertex algebra and by a Nichols algebra. We illustrate this\nin those examples where the representation theory of the vertex algebra is well\nenough understood. In particular we prove the conjectured correspondences\nbetween the singlet vertex algebra $\\mathcal{M}(p)$ and the unrolled small\nquantum groups of $\\mathfrak{sl}_2$ at $2p$-th root of unity. Another new\nexample is the Kazhdan-Lusztig correspondence for $\\mathfrak{gl}_{1|1}$.",
          "arxiv_id": "2306.11492v1"
        },
        {
          "title": "Representations of shifted quantum affine algebras",
          "year": "2020-10",