{
  "topics": {
    "data": {
      "0": {
        "name": "0_theory_homotopy_group_groups",
        "keywords": [
          [
            "theory",
            0.032365007973323236
          ],
          [
            "homotopy",
            0.03019459123134654
          ],
          [
            "group",
            0.028098607935432684
          ],
          [
            "groups",
            0.02749064862100847
          ],
          [
            "category",
            0.02742963345381196
          ],
          [
            "spaces",
            0.025412703334438277
          ],
          [
            "cohomology",
            0.02440236465534581
          ],
          [
            "homology",
            0.022655647914468998
          ],
          [
            "space",
            0.022562283170141535
          ],
          [
            "categories",
            0.020414955324797448
          ]
        ],
        "count": 5007
      },
      "1": {
        "name": "1_data_persistence_persistent_topological",
        "keywords": [
          [
            "data",
            0.052118106684459764
          ],
          [
            "persistence",
            0.04912048408435451
          ],
          [
            "persistent",
            0.040203299293066465
          ],
          [
            "topological",
            0.038215213683289055
          ],
          [
            "homology",
            0.0341263775097069
          ],
          [
            "persistent homology",
            0.031064723665760588
          ],
          [
            "analysis",
            0.0290148360328173
          ],
          [
            "data analysis",
            0.01956053703122628
          ],
          [
            "features",
            0.017723233134308243
          ],
          [
            "modules",
            0.017564982526580918
          ]
        ],
        "count": 909
      }
    },
    "correlations": [
      [
        1.0,
        -0.400046142831902
      ],
      [
        -0.400046142831902,
        1.0
      ]
    ],
    "series": {
      "2020-01": [
        77,
        13
      ],
      "2020-02": [
        83,
        8
      ],
      "2020-03": [
        68,
        9
      ],
      "2020-04": [
        68,
        12
      ],
      "2020-05": [
        69,
        10
      ],
      "2020-06": [
        83,
        17
      ],
      "2020-07": [
        89,
        11
      ],
      "2020-08": [
        60,
        16
      ],
      "2020-09": [
        71,
        7
      ],
      "2020-10": [
        67,
        19
      ],
      "2020-11": [
        83,
        15
      ],
      "2020-12": [
        73,
        20
      ],
      "2021-01": [
        56,
        9
      ],
      "2021-02": [
        63,
        12
      ],
      "2021-03": [
        72,
        19
      ],
      "2021-04": [
        64,
        12
      ],
      "2021-05": [
        78,
        14
      ],
      "2021-06": [
        76,
        17
      ],
      "2021-07": [
        73,
        17
      ],
      "2021-08": [
        58,
        18
      ],
      "2021-09": [
        70,
        17
      ],
      "2021-10": [
        72,
        15
      ],
      "2021-11": [
        71,
        13
      ],
      "2021-12": [
        74,
        17
      ],
      "2022-01": [
        62,
        17
      ],
      "2022-02": [
        73,
        7
      ],
      "2022-03": [
        84,
        20
      ],
      "2022-04": [
        61,
        14
      ],
      "2022-05": [
        70,
        13
      ],
      "2022-06": [
        57,
        23
      ],
      "2022-07": [
        74,
        14
      ],
      "2022-08": [
        79,
        13
      ],
      "2022-09": [
        77,
        15
      ],
      "2022-10": [
        85,
        11
      ],
      "2022-11": [
        78,
        18
      ],
      "2022-12": [
        65,
        20
      ],
      "2023-01": [
        72,
        14
      ],
      "2023-02": [
        62,
        15
      ],
      "2023-03": [
        89,
        20
      ],
      "2023-04": [
        62,
        11
      ],
      "2023-05": [
        87,
        9
      ],
      "2023-06": [
        77,
        20
      ],
      "2023-07": [
        65,
        19
      ],
      "2023-08": [
        89,
        11
      ],
      "2023-09": [
        68,
        16
      ],
      "2023-10": [
        86,
        25
      ],
      "2023-11": [
        82,
        23
      ],
      "2023-12": [
        91,
        19
      ],
      "2024-01": [
        65,
        10
      ],
      "2024-02": [
        76,
        11
      ],
      "2024-03": [
        70,
        17
      ],
      "2024-04": [
        65,
        10
      ],
      "2024-05": [
        92,
        10
      ],
      "2024-06": [
        85,
        18
      ],
      "2024-07": [
        81,
        9
      ],
      "2024-08": [
        74,
        15
      ],
      "2024-09": [
        67,
        10
      ],
      "2024-10": [
        92,
        18
      ],
      "2024-11": [
        84,
        23
      ],
      "2024-12": [
        76,
        19
      ],
      "2025-01": [
        61,
        9
      ],
      "2025-02": [
        53,
        12
      ],
      "2025-03": [
        83,
        15
      ],
      "2025-04": [
        65,
        18
      ],
      "2025-05": [
        84,
        20
      ],
      "2025-06": [
        80,
        16
      ],
      "2025-07": [
        84,
        12
      ],
      "2025-08": [
        83,
        8
      ],
      "2025-09": [
        43,
        7
      ]
    },
    "papers": {
      "0": [
        {
          "title": "On filtered algebraic $K$-theory of stacks I: characteristic zero",
          "year": "2025-03",
          "abstract": "Given a compact Lie group $G$ acting on a space $X$, the classical\nAtiyah-Segal completion theorem identifies topological $K$-theory of the\nhomotopy quotient $X/G$ with an explicit completion of $G$-equivariant\ntopological $K$-theory of $X$. We prove an analog of this result for algebraic\n$K$-theory over a field of characteristic 0. In our setting $G$ is a reductive\ngroup that acts on a derived algebraic space $X$ with the assumption that all\nstabilizer groups are nice (in the sense of Alper). Our main result identifies\nthe value $R^{\\mathrm{dAff}}K([X/G])$ of right Kan extension of the $K$-theory\nfunctor from schemes to stacks with the completion of $K$-theory of the\ncategory $\\mathrm{Perf}([X/G])$ at the augmentation ideal of\n$K_0(\\mathrm{Rep}(G))$. The main novelty of our results is that $X$ is allowed\nto be singular or even derived. This generality is achieved by employing and\nimproving analogous versions of completion theorem for negative cyclic homology\n(after Ben-Zvi--Nadler and Chen) and for homotopy $K$-theory (after van den\nBergh--Tabuada). We also show that in the singular setting the completion\ntheorem does not necessarily hold without the nice stabilizer assumption. We\nview our results as a part of the general paradigm of extending the motivic\nfiltration on algebraic $K$-theory of schemes to algebraic $K$-theory of\nstacks.",
          "arxiv_id": "2503.09928v1"
        },
        {
          "title": "The inverse limit topology and profinite descent on Picard groups in $K(n)$-local homotopy theory",
          "year": "2023-09",