{
  "topics": {
    "data": {
      "0": {
        "name": "0_method_numerical_order_methods",
        "keywords": [
          [
            "method",
            0.03160725144705021
          ],
          [
            "numerical",
            0.023273464779094883
          ],
          [
            "order",
            0.020343418563502243
          ],
          [
            "methods",
            0.020052683182719334
          ],
          [
            "time",
            0.01966582401754532
          ],
          [
            "equations",
            0.0182393544801159
          ],
          [
            "problems",
            0.017768776117731432
          ],
          [
            "problem",
            0.017459388302919977
          ],
          [
            "model",
            0.01530030452934083
          ],
          [
            "convergence",
            0.014735002627210204
          ]
        ],
        "count": 23044
      },
      "1": {
        "name": "1_model_cardiac_blood_flow",
        "keywords": [
          [
            "model",
            0.05123917977872357
          ],
          [
            "cardiac",
            0.046376167125174596
          ],
          [
            "blood",
            0.03627631424783496
          ],
          [
            "flow",
            0.03199403499148674
          ],
          [
            "models",
            0.028753591601182564
          ],
          [
            "heart",
            0.02697831470069097
          ],
          [
            "blood flow",
            0.02256109170680144
          ],
          [
            "simulations",
            0.0193529419184511
          ],
          [
            "numerical",
            0.019095000204665362
          ],
          [
            "fluid",
            0.017433029910613292
          ]
        ],
        "count": 166
      }
    },
    "correlations": [
      [
        1.0,
        -0.5961629805736948
      ],
      [
        -0.5961629805736948,
        1.0
      ]
    ],
    "series": {
      "2020-01": [
        254,
        33
      ],
      "2020-02": [
        256,
        45
      ],
      "2020-03": [
        251,
        44
      ],
      "2020-04": [
        250,
        46
      ],
      "2020-05": [
        271,
        33
      ],
      "2020-06": [
        279,
        36
      ],
      "2020-07": [
        301,
        41
      ],
      "2020-08": [
        224,
        34
      ],
      "2020-09": [
        233,
        34
      ],
      "2020-10": [
        283,
        52
      ],
      "2020-11": [
        299,
        39
      ],
      "2020-12": [
        297,
        47
      ],
      "2021-01": [
        288,
        47
      ],
      "2021-02": [
        279,
        49
      ],
      "2021-03": [
        346,
        53
      ],
      "2021-04": [
        307,
        38
      ],
      "2021-05": [
        300,
        51
      ],
      "2021-06": [
        308,
        54
      ],
      "2021-07": [
        266,
        43
      ],
      "2021-08": [
        259,
        40
      ],
      "2021-09": [
        272,
        29
      ],
      "2021-10": [
        306,
        60
      ],
      "2021-11": [
        303,
        31
      ],
      "2021-12": [
        297,
        54
      ],
      "2022-01": [
        281,
        35
      ],
      "2022-02": [
        281,
        32
      ],
      "2022-03": [
        309,
        60
      ],
      "2022-04": [
        238,
        38
      ],
      "2022-05": [
        269,
        47
      ],
      "2022-06": [
        272,
        43
      ],
      "2022-07": [
        273,
        34
      ],
      "2022-08": [
        253,
        42
      ],
      "2022-09": [
        291,
        54
      ],
      "2022-10": [
        313,
        50
      ],
      "2022-11": [
        311,
        45
      ],
      "2022-12": [
        299,
        42
      ],
      "2023-01": [
        266,
        64
      ],
      "2023-02": [
        282,
        48
      ],
      "2023-03": [
        333,
        41
      ],
      "2023-04": [
        298,
        39
      ],
      "2023-05": [
        344,
        44
      ],
      "2023-06": [
        346,
        50
      ],
      "2023-07": [
        320,
        46
      ],
      "2023-08": [
        300,
        47
      ],
      "2023-09": [
        273,
        43
      ],
      "2023-10": [
        370,
        50
      ],
      "2023-11": [
        313,
        50
      ],
      "2023-12": [
        312,
        43
      ],
      "2024-01": [
        343,
        55
      ],
      "2024-02": [
        348,
        56
      ],
      "2024-03": [
        352,
        84
      ],
      "2024-04": [
        331,
        51
      ],
      "2024-05": [
        380,
        42
      ],
      "2024-06": [
        304,
        45
      ],
      "2024-07": [
        349,
        57
      ],
      "2024-08": [
        292,
        40
      ],
      "2024-09": [
        344,
        50
      ],
      "2024-10": [
        388,
        59
      ],
      "2024-11": [
        312,
        58
      ],
      "2024-12": [
        333,
        50
      ],
      "2025-01": [
        314,
        60
      ],
      "2025-02": [
        340,
        50
      ],
      "2025-03": [
        350,
        50
      ],
      "2025-04": [
        333,
        66
      ],
      "2025-05": [
        342,
        52
      ],
      "2025-06": [
        379,
        49
      ],
      "2025-07": [
        369,
        56
      ],
      "2025-08": [
        345,
        49
      ],
      "2025-09": [
        189,
        34
      ]
    },
    "papers": {
      "0": [
        {
          "title": "Nonlinear Reduction using the Extended Group Finite Element Method",
          "year": "2021-06",
          "abstract": "In this paper, we develop a nonlinear reduction framework based on our\nrecently introduced extended group finite element method. By interpolating\nnonlinearities onto approximation spaces defined with the help of finite\nelements, the extended group finite element formulation achieves a noticeable\nreduction in the computational overhead associated with nonlinear finite\nelement problems. However, the problem's size still leads to long solution\ntimes in most applications. Aiming to make real-time and/or many-query\napplications viable, we apply model order reduction and complexity reduction\ntechniques in order to reduce the problem size and efficiently handle the\nreduced nonlinear terms, respectively. For this work, we focus on the proper\northogonal decomposition and discrete empirical interpolation methods. While\nsimilar approaches based on the group finite element method only focus on\nsemilinear problems, our proposed framework is also compatible with quasilinear\nproblems. Compared to existing methods, our reduced models prove to be superior\nin many different aspects as demonstrated in three numerical benchmark\nproblems.",
          "arxiv_id": "2106.02372v1"
        },
        {
          "title": "Numerical Solution of Variable-Order Fractional Differential Equations Using Bernoulli Polynomials",
          "year": "2021-11",