{
  "topics": {
    "data": {
      "0": {
        "name": "0_groups_group_finite_subgroups",
        "keywords": [
          [
            "groups",
            0.10083605087562991
          ],
          [
            "group",
            0.09339236548458661
          ],
          [
            "finite",
            0.05563001363609559
          ],
          [
            "subgroups",
            0.030864032816797376
          ],
          [
            "subgroup",
            0.029466621369667698
          ],
          [
            "non",
            0.028997919150296973
          ],
          [
            "free",
            0.02871379477101183
          ],
          [
            "paper",
            0.027832335790838218
          ],
          [
            "class",
            0.024633265589540883
          ],
          [
            "results",
            0.02357364690621768
          ]
        ],
        "count": 8515
      },
      "1": {
        "name": "1_Baxter_solutions_Rota_Yang",
        "keywords": [
          [
            "Baxter",
            0.17534247502873637
          ],
          [
            "solutions",
            0.10815553533515677
          ],
          [
            "Rota",
            0.10069558958271273
          ],
          [
            "Yang",
            0.0926031535734631
          ],
          [
            "equation",
            0.08421258319529074
          ],
          [
            "skew",
            0.06855734379725195
          ],
          [
            "braces",
            0.05794632340266734
          ],
          [
            "operators",
            0.044088684182099824
          ],
          [
            "left",
            0.03779873453327788
          ],
          [
            "solution",
            0.03721138043020292
          ]
        ],
        "count": 97
      }
    },
    "correlations": [
      [
        1.0,
        -0.7102397875522192
      ],
      [
        -0.7102397875522192,
        1.0
      ]
    ],
    "series": {
      "2020-01": [
        97,
        3
      ],
      "2020-02": [
        134,
        2
      ],
      "2020-03": [
        116,
        3
      ],
      "2020-04": [
        136,
        1
      ],
      "2020-05": [
        117,
        1
      ],
      "2020-06": [
        139,
        1
      ],
      "2020-07": [
        116,
        2
      ],
      "2020-08": [
        111,
        4
      ],
      "2020-09": [
        125,
        2
      ],
      "2020-10": [
        141,
        2
      ],
      "2020-11": [
        106,
        2
      ],
      "2020-12": [
        112,
        2
      ],
      "2021-01": [
        106,
        1
      ],
      "2021-02": [
        106,
        5
      ],
      "2021-03": [
        120,
        1
      ],
      "2021-04": [
        82,
        3
      ],
      "2021-05": [
        112,
        3
      ],
      "2021-06": [
        119,
        1
      ],
      "2021-07": [
        121,
        2
      ],
      "2021-08": [
        82,
        0
      ],
      "2021-09": [
        99,
        1
      ],
      "2021-10": [
        106,
        1
      ],
      "2021-11": [
        103,
        0
      ],
      "2021-12": [
        127,
        1
      ],
      "2022-01": [
        111,
        1
      ],
      "2022-02": [
        121,
        3
      ],
      "2022-03": [
        118,
        3
      ],
      "2022-04": [
        122,
        1
      ],
      "2022-05": [
        112,
        3
      ],
      "2022-06": [
        132,
        4
      ],
      "2022-07": [
        117,
        1
      ],
      "2022-08": [
        125,
        2
      ],
      "2022-09": [
        127,
        3
      ],
      "2022-10": [
        129,
        2
      ],
      "2022-11": [
        113,
        1
      ],
      "2022-12": [
        122,
        4
      ],
      "2023-01": [
        109,
        4
      ],
      "2023-02": [
        102,
        4
      ],
      "2023-03": [
        146,
        4
      ],
      "2023-04": [
        135,
        1
      ],
      "2023-05": [
        141,
        1
      ],
      "2023-06": [
        103,
        2
      ],
      "2023-07": [
        122,
        1
      ],
      "2023-08": [
        132,
        0
      ],
      "2023-09": [
        129,
        2
      ],
      "2023-10": [
        132,
        2
      ],
      "2023-11": [
        111,
        5
      ],
      "2023-12": [
        130,
        4
      ],
      "2024-01": [
        139,
        3
      ],
      "2024-02": [
        135,
        3
      ],
      "2024-03": [
        136,
        1
      ],
      "2024-04": [
        105,
        3
      ],
      "2024-05": [
        142,
        9
      ],
      "2024-06": [
        113,
        1
      ],
      "2024-07": [
        140,
        2
      ],
      "2024-08": [
        118,
        2
      ],
      "2024-09": [
        137,
        2
      ],
      "2024-10": [
        169,
        4
      ],
      "2024-11": [
        126,
        2
      ],
      "2024-12": [
        145,
        5
      ],
      "2025-01": [
        104,
        3
      ],
      "2025-02": [
        120,
        1
      ],
      "2025-03": [
        138,
        2
      ],
      "2025-04": [
        170,
        2
      ],
      "2025-05": [
        139,
        2
      ],
      "2025-06": [
        128,
        6
      ],
      "2025-07": [
        158,
        2
      ],
      "2025-08": [
        127,
        6
      ],
      "2025-09": [
        82,
        4
      ]
    },
    "papers": {
      "0": [
        {
          "title": "Short hierarchically hyperbolic groups II: quotients and the Hopf property for Artin groups",
          "year": "2024-12",
          "abstract": "We prove that most Artin groups of large and hyperbolic type are Hopfian,\nmeaning that every self-epimorphism is an isomorphism. The class covered by our\nresult is generic, in the sense of Goldsborough-Vaskou. Moreover, assuming the\nresidual finiteness of certain hyperbolic groups with an explicit presentation,\nwe get that all large and hyperbolic type Artin groups are residually finite.\nWe also show that most quotients of the five-holed sphere mapping class group\nare hierarchically hyperbolic, up to taking powers of the normal generators of\nthe kernels. The main tool we use to prove both results is a Dehn-filling-like\nprocedure for short hierarchically hyperbolic groups (these also include e.g.\nnon-geometric 3-manifolds, and triangle- and square-free RAAGs).",
          "arxiv_id": "2412.04364v2"
        },
        {
          "title": "A quantitative Neumann lemma for finitely generated groups",
          "year": "2022-03",
          "abstract": "We study the coset covering function $\\mathfrak{C}(r)$ of a finitely\ngenerated group: the number of cosets of infinite index subgroups needed to\ncover the ball of radius $r$. We show that $\\mathfrak{C}(r)$ is of order at\nleast $\\sqrt{r}$ for all groups. Moreover, we show that $\\mathfrak{C}(r)$ is\nlinear for a class of amenable groups including virtually nilpotent and\npolycyclic groups, and that it is exponential for property (T) groups.",
          "arxiv_id": "2203.11099v2"
        },
        {
          "title": "Crystallographic groups and flat manifolds from surface braid groups",
          "year": "2021-07",