{
  "topics": {
    "data": {
      "0": {
        "name": "0_graph_graphs_number_set",
        "keywords": [
          [
            "graph",
            0.05172402540762954
          ],
          [
            "graphs",
            0.049077238265104156
          ],
          [
            "number",
            0.03768487104746693
          ],
          [
            "set",
            0.02749634019981657
          ],
          [
            "paper",
            0.026084080788890508
          ],
          [
            "vertices",
            0.023586978224194602
          ],
          [
            "vertex",
            0.022608838646361592
          ],
          [
            "results",
            0.021189135097919535
          ],
          [
            "result",
            0.018961110394923295
          ],
          [
            "edge",
            0.01821198605538517
          ]
        ],
        "count": 29412
      },
      "1": {
        "name": "1_phylogenetic_networks_tree_trees",
        "keywords": [
          [
            "phylogenetic",
            0.13806947087047874
          ],
          [
            "networks",
            0.13208021857009997
          ],
          [
            "tree",
            0.10276846465735807
          ],
          [
            "trees",
            0.09197448931794287
          ],
          [
            "network",
            0.06098756957084744
          ],
          [
            "rooted",
            0.05186200862616601
          ],
          [
            "species",
            0.04720396298810593
          ],
          [
            "phylogenetic trees",
            0.04599542876368743
          ],
          [
            "evolutionary",
            0.04478788076876092
          ],
          [
            "binary",
            0.039472798482901875
          ]
        ],
        "count": 186
      }
    },
    "correlations": [
      [
        1.0,
        -0.6059303056517595
      ],
      [
        -0.6059303056517595,
        1.0
      ]
    ],
    "series": {
      "2020-01": [
        339,
        14
      ],
      "2020-02": [
        316,
        22
      ],
      "2020-03": [
        424,
        25
      ],
      "2020-04": [
        375,
        28
      ],
      "2020-05": [
        416,
        32
      ],
      "2020-06": [
        390,
        24
      ],
      "2020-07": [
        425,
        24
      ],
      "2020-08": [
        385,
        26
      ],
      "2020-09": [
        410,
        20
      ],
      "2020-10": [
        401,
        19
      ],
      "2020-11": [
        329,
        25
      ],
      "2020-12": [
        426,
        10
      ],
      "2021-01": [
        342,
        15
      ],
      "2021-02": [
        334,
        25
      ],
      "2021-03": [
        384,
        30
      ],
      "2021-04": [
        371,
        27
      ],
      "2021-05": [
        388,
        25
      ],
      "2021-06": [
        399,
        20
      ],
      "2021-07": [
        374,
        27
      ],
      "2021-08": [
        381,
        21
      ],
      "2021-09": [
        365,
        18
      ],
      "2021-10": [
        404,
        23
      ],
      "2021-11": [
        426,
        22
      ],
      "2021-12": [
        423,
        27
      ],
      "2022-01": [
        368,
        23
      ],
      "2022-02": [
        375,
        13
      ],
      "2022-03": [
        389,
        23
      ],
      "2022-04": [
        364,
        13
      ],
      "2022-05": [
        383,
        25
      ],
      "2022-06": [
        405,
        20
      ],
      "2022-07": [
        429,
        17
      ],
      "2022-08": [
        370,
        23
      ],
      "2022-09": [
        408,
        32
      ],
      "2022-10": [
        408,
        20
      ],
      "2022-11": [
        444,
        21
      ],
      "2022-12": [
        452,
        19
      ],
      "2023-01": [
        335,
        15
      ],
      "2023-02": [
        352,
        23
      ],
      "2023-03": [
        458,
        27
      ],
      "2023-04": [
        348,
        16
      ],
      "2023-05": [
        445,
        26
      ],
      "2023-06": [
        409,
        25
      ],
      "2023-07": [
        433,
        26
      ],
      "2023-08": [
        418,
        19
      ],
      "2023-09": [
        431,
        23
      ],
      "2023-10": [
        453,
        23
      ],
      "2023-11": [
        437,
        20
      ],
      "2023-12": [
        468,
        25
      ],
      "2024-01": [
        417,
        22
      ],
      "2024-02": [
        445,
        33
      ],
      "2024-03": [
        458,
        31
      ],
      "2024-04": [
        402,
        26
      ],
      "2024-05": [
        460,
        26
      ],
      "2024-06": [
        418,
        20
      ],
      "2024-07": [
        443,
        26
      ],
      "2024-08": [
        463,
        27
      ],
      "2024-09": [
        496,
        26
      ],
      "2024-10": [
        491,
        26
      ],
      "2024-11": [
        495,
        26
      ],
      "2024-12": [
        497,
        27
      ],
      "2025-01": [
        439,
        19
      ],
      "2025-02": [
        413,
        33
      ],
      "2025-03": [
        467,
        25
      ],
      "2025-04": [
        421,
        29
      ],
      "2025-05": [
        439,
        29
      ],
      "2025-06": [
        427,
        34
      ],
      "2025-07": [
        530,
        35
      ],
      "2025-08": [
        526,
        29
      ],
      "2025-09": [
        292,
        14
      ]
    },
    "papers": {
      "0": [
        {
          "title": "Connectivity versus Lin-Lu-Yau curvature",
          "year": "2025-04",
          "abstract": "We explore the interaction between connectivity and Lin-Lu-Yau curvature of\ngraphs systematically. The intuition is that connected graphs with large\nLin-Lu-Yau curvature also have large connectivity, and vice versa. We prove\nthat the connectivity of a connected graph is lower bounded by the product of\nits minimum degree and its Lin-Lu-Yau curvature. On the other hand, if the\nconnectivity of a graph $G$ on $n$ vertices is at least $\\frac{n-1}{2}$, then\n$G$ has positive Lin-Lu-Yau curvature. Moreover, the bound $\\frac{n-1}{2}$ here\nis optimal. Furthermore, we prove that the edge-connectivity is equal to the\nminimum vertex degree for any connected graph with positive Lin-Lu-Yau\ncurvature. As applications, we estimate or determine the connectivity and\nedge-connectivity of an amply regular graph with parameters $(d,\\alpha,\\beta)$\nsuch that $1\\neq \\beta\\geq \\alpha$.",
          "arxiv_id": "2504.14352v1"
        },
        {
          "title": "Packing a number of copies of a $(p,\\,q)$-graph",
          "year": "2020-02",
          "abstract": "Let $k,p,q$ be three positive integers. A graph $G$ with order $n$ is said to\nbe $k$-placeable if there are $k$ edge disjoint copies of $G$ in the complete\ngraph on $n$ vertices. A $(p,\\,q)$-graph is a graph of order $p$ with $q$\nedges. Packing results have proved useful in the study of the complexity of\ngraph properties. Bollob\\'{a}s et al. investigated the $k$-placeable of\n$(n,\\,n-2)$-graphs and $(n,\\,n-1)$-graphs with $k=2$ and $k=3$. Motivated by\ntheir results, this paper characterizes $(n,\\,n-1)$-graphs with girth at least\n$9$ which are $4$-placeable. We also consider the $k$-placeable of\n$(n,\\,n+1)$-graphs and 2-factors.",
          "arxiv_id": "2002.01266v2"
        },
        {
          "title": "Triangle-Covered Graphs: Algorithms, Complexity, and Structure",
          "year": "2025-09",