{
  "topics": {
    "data": {
      "0": {
        "name": "0_problem_optimization_problems_control",
        "keywords": [
          [
            "problem",
            0.04075024573894991
          ],
          [
            "optimization",
            0.0354427781280218
          ],
          [
            "problems",
            0.030422919200865855
          ],
          [
            "control",
            0.03013144394767297
          ],
          [
            "algorithm",
            0.029128592282230827
          ],
          [
            "optimal",
            0.028755340853080562
          ],
          [
            "method",
            0.028485347690061644
          ],
          [
            "time",
            0.026811530191920733
          ],
          [
            "paper",
            0.025184197206714394
          ],
          [
            "model",
            0.023783459209756223
          ]
        ],
        "count": 31725
      },
      "1": {
        "name": "1_model_control_optimal_number",
        "keywords": [
          [
            "model",
            0.10110040982391442
          ],
          [
            "control",
            0.08446363226996768
          ],
          [
            "optimal",
            0.06198446473917944
          ],
          [
            "number",
            0.04134852982700061
          ],
          [
            "individuals",
            0.03987357866512225
          ],
          [
            "models",
            0.03955726497673683
          ],
          [
            "optimal control",
            0.03874681591158117
          ],
          [
            "time",
            0.03564230573475344
          ],
          [
            "strategies",
            0.03533156059591701
          ],
          [
            "data",
            0.031663751322273136
          ]
        ],
        "count": 360
      }
    },
    "correlations": [
      [
        1.0,
        0.2737118834778547
      ],
      [
        0.2737118834778547,
        1.0
      ]
    ],
    "series": {
      "2020-01": [
        214,
        143
      ],
      "2020-02": [
        289,
        184
      ],
      "2020-03": [
        261,
        211
      ],
      "2020-04": [
        244,
        204
      ],
      "2020-05": [
        247,
        166
      ],
      "2020-06": [
        335,
        232
      ],
      "2020-07": [
        265,
        196
      ],
      "2020-08": [
        204,
        147
      ],
      "2020-09": [
        229,
        200
      ],
      "2020-10": [
        268,
        209
      ],
      "2020-11": [
        252,
        192
      ],
      "2020-12": [
        259,
        183
      ],
      "2021-01": [
        239,
        162
      ],
      "2021-02": [
        235,
        204
      ],
      "2021-03": [
        283,
        244
      ],
      "2021-04": [
        229,
        191
      ],
      "2021-05": [
        240,
        178
      ],
      "2021-06": [
        323,
        208
      ],
      "2021-07": [
        264,
        169
      ],
      "2021-08": [
        189,
        143
      ],
      "2021-09": [
        254,
        178
      ],
      "2021-10": [
        300,
        188
      ],
      "2021-11": [
        242,
        183
      ],
      "2021-12": [
        232,
        170
      ],
      "2022-01": [
        235,
        158
      ],
      "2022-02": [
        244,
        171
      ],
      "2022-03": [
        275,
        226
      ],
      "2022-04": [
        253,
        179
      ],
      "2022-05": [
        270,
        167
      ],
      "2022-06": [
        271,
        206
      ],
      "2022-07": [
        259,
        182
      ],
      "2022-08": [
        237,
        140
      ],
      "2022-09": [
        263,
        180
      ],
      "2022-10": [
        290,
        206
      ],
      "2022-11": [
        295,
        194
      ],
      "2022-12": [
        215,
        178
      ],
      "2023-01": [
        234,
        146
      ],
      "2023-02": [
        285,
        202
      ],
      "2023-03": [
        333,
        226
      ],
      "2023-04": [
        261,
        199
      ],
      "2023-05": [
        300,
        195
      ],
      "2023-06": [
        262,
        177
      ],
      "2023-07": [
        275,
        175
      ],
      "2023-08": [
        225,
        170
      ],
      "2023-09": [
        240,
        207
      ],
      "2023-10": [
        315,
        212
      ],
      "2023-11": [
        314,
        221
      ],
      "2023-12": [
        272,
        203
      ],
      "2024-01": [
        272,
        219
      ],
      "2024-02": [
        314,
        223
      ],
      "2024-03": [
        379,
        291
      ],
      "2024-04": [
        223,
        197
      ],
      "2024-05": [
        330,
        206
      ],
      "2024-06": [
        294,
        184
      ],
      "2024-07": [
        275,
        193
      ],
      "2024-08": [
        225,
        184
      ],
      "2024-09": [
        298,
        213
      ],
      "2024-10": [
        349,
        242
      ],
      "2024-11": [
        269,
        189
      ],
      "2024-12": [
        336,
        210
      ],
      "2025-01": [
        317,
        198
      ],
      "2025-02": [
        289,
        226
      ],
      "2025-03": [
        338,
        267
      ],
      "2025-04": [
        308,
        243
      ],
      "2025-05": [
        365,
        258
      ],
      "2025-06": [
        291,
        199
      ],
      "2025-07": [
        290,
        208
      ],
      "2025-08": [
        262,
        191
      ],
      "2025-09": [
        171,
        131
      ]
    },
    "papers": {
      "0": [
        {
          "title": "Modified projected Gauss-Newton method for constrained nonlinear least-squares: application to power flow analysis",
          "year": "2025-04",
          "abstract": "In this paper, we consider a modified projected Gauss-Newton method for\nsolving constrained nonlinear least-squares problems. We assume that the\nfunctional constraints are smooth and the the other constraints are represented\nby a simple closed convex set. We formulate the nonlinear least-squares problem\nas an optimization problem using the Euclidean norm as a merit function. In our\nmethod, at each iteration we linearize the functional constraints inside the\nmerit function at the current point and add a quadratic regularization,\nyielding a strongly convex subproblem that is easy to solve, whose solution is\nthe next iterate. We present global convergence guarantees for the proposed\nmethod under mild assumptions. In particular, we prove stationary point\nconvergence guarantees and under Kurdyka-Lojasiewicz (KL) property for the\nobjective function we derive convergence rates depending on the KL parameter.\nFinally, we show the efficiency of this method on the power flow analysis\nproblem using several IEEE bus test cases.",
          "arxiv_id": "2504.00783v1"
        },
        {
          "title": "Riemannian Stochastic Fixed Point Optimization Algorithm",
          "year": "2020-12",