{
  "topics": {
    "data": {
      "0": {
        "name": "0_random_time_stochastic_model",
        "keywords": [
          [
            "random",
            0.03880019193714956
          ],
          [
            "time",
            0.026960899308319932
          ],
          [
            "stochastic",
            0.024841452432574504
          ],
          [
            "model",
            0.023967827392883
          ],
          [
            "process",
            0.023294177555551247
          ],
          [
            "results",
            0.021001759241586468
          ],
          [
            "distribution",
            0.019681845371254156
          ],
          [
            "probability",
            0.019287160134374266
          ],
          [
            "processes",
            0.018321401582198905
          ],
          [
            "study",
            0.01820377608190461
          ]
        ],
        "count": 23104
      },
      "1": {
        "name": "1_queue_service_time_server",
        "keywords": [
          [
            "queue",
            0.047083845122887026
          ],
          [
            "service",
            0.04009965915671336
          ],
          [
            "time",
            0.034484814405148036
          ],
          [
            "server",
            0.032696083644266676
          ],
          [
            "queueing",
            0.025748224968727834
          ],
          [
            "traffic",
            0.02435593866878406
          ],
          [
            "servers",
            0.02279101375626
          ],
          [
            "arrival",
            0.022020339958888215
          ],
          [
            "policy",
            0.021243511830709955
          ],
          [
            "systems",
            0.01993218327211866
          ]
        ],
        "count": 564
      }
    },
    "correlations": [
      [
        1.0,
        -0.08669708414245236
      ],
      [
        -0.08669708414245236,
        1.0
      ]
    ],
    "series": {
      "2020-01": [
        271,
        16
      ],
      "2020-02": [
        256,
        10
      ],
      "2020-03": [
        323,
        20
      ],
      "2020-04": [
        322,
        24
      ],
      "2020-05": [
        306,
        25
      ],
      "2020-06": [
        343,
        14
      ],
      "2020-07": [
        343,
        12
      ],
      "2020-08": [
        302,
        16
      ],
      "2020-09": [
        311,
        7
      ],
      "2020-10": [
        346,
        12
      ],
      "2020-11": [
        314,
        16
      ],
      "2020-12": [
        335,
        20
      ],
      "2021-01": [
        300,
        10
      ],
      "2021-02": [
        320,
        15
      ],
      "2021-03": [
        330,
        19
      ],
      "2021-04": [
        318,
        17
      ],
      "2021-05": [
        327,
        16
      ],
      "2021-06": [
        340,
        14
      ],
      "2021-07": [
        304,
        18
      ],
      "2021-08": [
        267,
        17
      ],
      "2021-09": [
        298,
        20
      ],
      "2021-10": [
        310,
        24
      ],
      "2021-11": [
        341,
        16
      ],
      "2021-12": [
        306,
        11
      ],
      "2022-01": [
        284,
        14
      ],
      "2022-02": [
        262,
        13
      ],
      "2022-03": [
        344,
        15
      ],
      "2022-04": [
        254,
        14
      ],
      "2022-05": [
        323,
        16
      ],
      "2022-06": [
        316,
        17
      ],
      "2022-07": [
        334,
        19
      ],
      "2022-08": [
        304,
        17
      ],
      "2022-09": [
        344,
        11
      ],
      "2022-10": [
        311,
        15
      ],
      "2022-11": [
        353,
        14
      ],
      "2022-12": [
        342,
        9
      ],
      "2023-01": [
        281,
        10
      ],
      "2023-02": [
        275,
        15
      ],
      "2023-03": [
        334,
        14
      ],
      "2023-04": [
        289,
        17
      ],
      "2023-05": [
        318,
        15
      ],
      "2023-06": [
        293,
        20
      ],
      "2023-07": [
        351,
        12
      ],
      "2023-08": [
        294,
        14
      ],
      "2023-09": [
        342,
        16
      ],
      "2023-10": [
        369,
        15
      ],
      "2023-11": [
        343,
        13
      ],
      "2023-12": [
        350,
        18
      ],
      "2024-01": [
        322,
        13
      ],
      "2024-02": [
        359,
        18
      ],
      "2024-03": [
        383,
        9
      ],
      "2024-04": [
        285,
        13
      ],
      "2024-05": [
        369,
        17
      ],
      "2024-06": [
        313,
        12
      ],
      "2024-07": [
        355,
        19
      ],
      "2024-08": [
        305,
        5
      ],
      "2024-09": [
        368,
        12
      ],
      "2024-10": [
        427,
        13
      ],
      "2024-11": [
        353,
        16
      ],
      "2024-12": [
        424,
        15
      ],
      "2025-01": [
        390,
        17
      ],
      "2025-02": [
        365,
        17
      ],
      "2025-03": [
        430,
        20
      ],
      "2025-04": [
        365,
        15
      ],
      "2025-05": [
        361,
        17
      ],
      "2025-06": [
        374,
        5
      ],
      "2025-07": [
        388,
        14
      ],
      "2025-08": [
        350,
        15
      ],
      "2025-09": [
        209,
        6
      ]
    },
    "papers": {
      "0": [
        {
          "title": "Constrained-degree percolation on the hypercubic lattice: uniqueness and some of its consequences",
          "year": "2024-05",
          "abstract": "We consider the constrained-degree percolation (CDP) model on the hypercubic\nlattice. This is a continuous-time percolation model defined by a sequence\n$(U_e)_{e\\in\\mathcal{E}^d}$ of i.i.d. uniform random variables and a positive\ninteger $k$, referred to as the constraint. The model evolves as follows: each\nedge $e$ attempts to open at a random time $U_e$, independently of all other\nedges. It succeeds if, at time $U_e$, both of its end-vertices have degrees\nstrictly smaller than $k$. It is known \\cite{hartarsky2022weakly} that this\nmodel undergoes a phase transition when $d\\geq3$ for most nontrivial values of\n$k$. In this work, we prove that, for any fixed constraint, the number of\ninfinite clusters at any time $t\\in[0,1)$ is almost surely either 0 or 1. This\nuniqueness result implies the continuity of the percolation function in the\nsupercritical regime, $t\\in(t_c,1)$, where $t_c$ denotes the percolation\ncritical threshold. The proof relies on a key time-regularity property of the\nmodel: the law of the process is continuous with respect to time for local\nevents. In fact, we establish differentiability in time, thereby extending the\nresult of \\cite{SSS} to the CDP setting.",
          "arxiv_id": "2405.09343v2"
        },
        {
          "title": "Solving the Kuramoto-Sivashinsky-Burgers equation until the $6p$-th dimension: the Brownian-time paradigm",
          "year": "2023-05",