{
  "topics": {
    "data": {
      "0": {
        "name": "0_nonlinear_solitons_soliton_equation",
        "keywords": [
          [
            "nonlinear",
            0.03760752969752597
          ],
          [
            "solitons",
            0.033975235991791176
          ],
          [
            "soliton",
            0.030636833984255894
          ],
          [
            "equation",
            0.02891406438663552
          ],
          [
            "wave",
            0.02809297825537476
          ],
          [
            "solutions",
            0.02486269736602686
          ],
          [
            "waves",
            0.024786420371086026
          ],
          [
            "dynamics",
            0.018255533592896746
          ],
          [
            "states",
            0.01732231368258961
          ],
          [
            "equations",
            0.016434854907657625
          ]
        ],
        "count": 2107
      },
      "1": {
        "name": "1_model_patterns_systems_dynamics",
        "keywords": [
          [
            "model",
            0.032726869995964344
          ],
          [
            "patterns",
            0.030402643906753922
          ],
          [
            "systems",
            0.02525035180011558
          ],
          [
            "dynamics",
            0.023464134481945176
          ],
          [
            "pattern",
            0.021769570796194137
          ],
          [
            "diffusion",
            0.020454597856042745
          ],
          [
            "states",
            0.01755757628895118
          ],
          [
            "spatial",
            0.017050316767287646
          ],
          [
            "phase",
            0.016337061337771887
          ],
          [
            "formation",
            0.016073270551697477
          ]
        ],
        "count": 965
      }
    },
    "correlations": [
      [
        1.0,
        -0.20227333672232845
      ],
      [
        -0.20227333672232845,
        1.0
      ]
    ],
    "series": {
      "2020-01": [
        31,
        13
      ],
      "2020-02": [
        21,
        13
      ],
      "2020-03": [
        36,
        9
      ],
      "2020-04": [
        35,
        12
      ],
      "2020-05": [
        41,
        14
      ],
      "2020-06": [
        36,
        14
      ],
      "2020-07": [
        51,
        14
      ],
      "2020-08": [
        33,
        15
      ],
      "2020-09": [
        39,
        18
      ],
      "2020-10": [
        39,
        18
      ],
      "2020-11": [
        36,
        11
      ],
      "2020-12": [
        42,
        25
      ],
      "2021-01": [
        31,
        12
      ],
      "2021-02": [
        44,
        15
      ],
      "2021-03": [
        44,
        5
      ],
      "2021-04": [
        38,
        15
      ],
      "2021-05": [
        44,
        9
      ],
      "2021-06": [
        36,
        8
      ],
      "2021-07": [
        36,
        7
      ],
      "2021-08": [
        32,
        6
      ],
      "2021-09": [
        31,
        7
      ],
      "2021-10": [
        32,
        9
      ],
      "2021-11": [
        29,
        16
      ],
      "2021-12": [
        29,
        14
      ],
      "2022-01": [
        27,
        12
      ],
      "2022-02": [
        23,
        13
      ],
      "2022-03": [
        40,
        11
      ],
      "2022-04": [
        25,
        10
      ],
      "2022-05": [
        32,
        14
      ],
      "2022-06": [
        30,
        10
      ],
      "2022-07": [
        31,
        17
      ],
      "2022-08": [
        39,
        13
      ],
      "2022-09": [
        23,
        11
      ],
      "2022-10": [
        30,
        18
      ],
      "2022-11": [
        32,
        13
      ],
      "2022-12": [
        50,
        13
      ],
      "2023-01": [
        34,
        11
      ],
      "2023-02": [
        21,
        8
      ],
      "2023-03": [
        31,
        15
      ],
      "2023-04": [
        31,
        15
      ],
      "2023-05": [
        28,
        16
      ],
      "2023-06": [
        35,
        12
      ],
      "2023-07": [
        36,
        11
      ],
      "2023-08": [
        32,
        15
      ],
      "2023-09": [
        30,
        9
      ],
      "2023-10": [
        32,
        8
      ],
      "2023-11": [
        27,
        11
      ],
      "2023-12": [
        25,
        14
      ],
      "2024-01": [
        33,
        12
      ],
      "2024-02": [
        28,
        11
      ],
      "2024-03": [
        28,
        23
      ],
      "2024-04": [
        28,
        17
      ],
      "2024-05": [
        43,
        9
      ],
      "2024-06": [
        33,
        9
      ],
      "2024-07": [
        42,
        14
      ],
      "2024-08": [
        22,
        9
      ],
      "2024-09": [
        36,
        15
      ],
      "2024-10": [
        36,
        14
      ],
      "2024-11": [
        36,
        7
      ],
      "2024-12": [
        34,
        14
      ],
      "2025-01": [
        27,
        9
      ],
      "2025-02": [
        29,
        13
      ],
      "2025-03": [
        33,
        11
      ],
      "2025-04": [
        41,
        8
      ],
      "2025-05": [
        33,
        6
      ],
      "2025-06": [
        19,
        18
      ],
      "2025-07": [
        40,
        14
      ],
      "2025-08": [
        28,
        14
      ],
      "2025-09": [
        9,
        5
      ]
    },
    "papers": {
      "0": [
        {
          "title": "Higher dimensional localized and periodic wave dynamics in a new integrable (2+1)-dimensional Kundu-Mukherjee-Naskar model",
          "year": "2020-01",
          "abstract": "In this article, a new integrable (2+1)-dimensional Kundu-Mukherjee-Naskar\nmodel which is a variant of the well known nonlinear Schr\\\"odinger equation is\ninvestigated. Bright-dark optical solitons along with periodic waves,\ncomplexiton and rational solutions are constructed by employing a generalized\ntraveling wave analysis, Jacobian-elliptic function, Riccati equation and\nansatz approach. Further, the dynamics of these bright/dark optical solitons\nand complexiton/periodic waves are studied by exploring the importance of\narbitrary physical parameters with graphical demonstrations for a clear\nunderstanding. The obtained higher dimensional nonlinear wave solutions of this\nintegrable system shall have useful applications in different physical systems\nincluding the dynamics of beam propagation in optical fibers, ion-acoustic\nwaves in magnetized plasma and deep water oceanic rogue waves.",
          "arxiv_id": "2001.06766v1"
        },
        {
          "title": "Propagation of periodic and solitary waves in a highly dispersive cubic-quintic medium with self-frequency shift and self-steepening nonlinearity",
          "year": "2022-05",
          "abstract": "We study the dynamics of femtosecond light pulse propagation in a\ncubic-quintic medium exhibiting dispersive effect up to the fourth order as\nwell as self-frequency shift and self-steepening nonlinearity. A rich variety\nof periodic and solitary wave solutions are derived for the governing\ngeneralized higher-order nonlinear Schr\\\"{o}dinger equation in the presence of\nself-frequency shift and self-steepening effects. It is found that the\nfrequency shift, inverse velocity, amplitude and wave number of both periodic\nand solitary waves depend on dispersion coefficients and nonlinearity\nparameters as well. The conditions on optical fiber parameters for the\nexistence of these structures are presented. The stability of these periodic\nand solitary wave solutions is studied numerically by adding white noise. It is\nproved by using the numerical split-step Fourier method that the profile of\nthese nonlinear waves remains unchanged during evolution.",