{
  "topics": {
    "data": {
      "0": {
        "name": "0_students_physics_learning_research",
        "keywords": [
          [
            "students",
            0.0638328776198387
          ],
          [
            "physics",
            0.05686476798369964
          ],
          [
            "learning",
            0.03181083984605966
          ],
          [
            "research",
            0.025630140406963146
          ],
          [
            "student",
            0.023456972576006953
          ],
          [
            "education",
            0.023311236135977777
          ],
          [
            "study",
            0.022178420253453613
          ],
          [
            "science",
            0.020609826438405268
          ],
          [
            "data",
            0.01993519316467174
          ],
          [
            "course",
            0.019425714665140804
          ]
        ],
        "count": 1535
      },
      "1": {
        "name": "1_astronomy_Astronomy_students_science",
        "keywords": [
          [
            "astronomy",
            0.05523022392797107
          ],
          [
            "Astronomy",
            0.029864172897569142
          ],
          [
            "students",
            0.029808341316690606
          ],
          [
            "science",
            0.029610665487950636
          ],
          [
            "data",
            0.02478477660909562
          ],
          [
            "research",
            0.022827210176562467
          ],
          [
            "astronomical",
            0.020845557381882936
          ],
          [
            "education",
            0.018175567657589257
          ],
          [
            "scientific",
            0.017503531054516387
          ],
          [
            "present",
            0.014314025208196099
          ]
        ],
        "count": 201
      }
    },
    "correlations": [
      [
        1.0,
        0.14847215605235034
      ],
      [
        0.14847215605235034,
        1.0
      ]
    ],
    "series": {
      "2020-01": [
        20,
        1
      ],
      "2020-02": [
        17,
        4
      ],
      "2020-03": [
        18,
        1
      ],
      "2020-04": [
        24,
        5
      ],
      "2020-05": [
        24,
        0
      ],
      "2020-06": [
        42,
        2
      ],
      "2020-07": [
        30,
        5
      ],
      "2020-08": [
        25,
        12
      ],
      "2020-09": [
        23,
        4
      ],
      "2020-10": [
        28,
        2
      ],
      "2020-11": [
        20,
        4
      ],
      "2020-12": [
        21,
        2
      ],
      "2021-01": [
        16,
        5
      ],
      "2021-02": [
        13,
        4
      ],
      "2021-03": [
        13,
        3
      ],
      "2021-04": [
        16,
        4
      ],
      "2021-05": [
        17,
        2
      ],
      "2021-06": [
        19,
        3
      ],
      "2021-07": [
        20,
        4
      ],
      "2021-08": [
        31,
        8
      ],
      "2021-09": [
        15,
        4
      ],
      "2021-10": [
        18,
        5
      ],
      "2021-11": [
        14,
        5
      ],
      "2021-12": [
        17,
        1
      ],
      "2022-01": [
        23,
        1
      ],
      "2022-02": [
        12,
        7
      ],
      "2022-03": [
        29,
        3
      ],
      "2022-04": [
        11,
        3
      ],
      "2022-05": [
        10,
        5
      ],
      "2022-06": [
        26,
        3
      ],
      "2022-07": [
        10,
        3
      ],
      "2022-08": [
        10,
        4
      ],
      "2022-09": [
        18,
        4
      ],
      "2022-10": [
        18,
        3
      ],
      "2022-11": [
        16,
        6
      ],
      "2022-12": [
        20,
        1
      ],
      "2023-01": [
        21,
        2
      ],
      "2023-02": [
        19,
        3
      ],
      "2023-03": [
        26,
        3
      ],
      "2023-04": [
        18,
        5
      ],
      "2023-05": [
        21,
        2
      ],
      "2023-06": [
        29,
        3
      ],
      "2023-07": [
        20,
        3
      ],
      "2023-08": [
        24,
        3
      ],
      "2023-09": [
        20,
        7
      ],
      "2023-10": [
        22,
        3
      ],
      "2023-11": [
        27,
        1
      ],
      "2023-12": [
        16,
        5
      ],
      "2024-01": [
        23,
        2
      ],
      "2024-02": [
        23,
        2
      ],
      "2024-03": [
        30,
        2
      ],
      "2024-04": [
        19,
        1
      ],
      "2024-05": [
        16,
        5
      ],
      "2024-06": [
        21,
        2
      ],
      "2024-07": [
        31,
        7
      ],
      "2024-08": [
        13,
        5
      ],
      "2024-09": [
        29,
        1
      ],
      "2024-10": [
        28,
        8
      ],
      "2024-11": [
        19,
        3
      ],
      "2024-12": [
        30,
        3
      ],
      "2025-01": [
        31,
        6
      ],
      "2025-02": [
        18,
        2
      ],
      "2025-03": [
        22,
        1
      ],
      "2025-04": [
        28,
        4
      ],
      "2025-05": [
        28,
        7
      ],
      "2025-06": [
        19,
        5
      ],
      "2025-07": [
        24,
        5
      ],
      "2025-08": [
        48,
        4
      ],
      "2025-09": [
        18,
        3
      ]
    },
    "papers": {
      "0": [
        {
          "title": "A longitudinal analysis of students' motivational characteristics in introductory physics courses: Gender differences",
          "year": "2021-02",
          "abstract": "The lack of diversity and the under-performance of underrepresented students\nin STEM courses have been the focus of researchers in the last decade. In\nparticular, many hypotheses have been put forth for the reasons for the\nunder-representation and under-performance of women in physics. Here, we\npresent a framework for helping all students learn in science courses that\ntakes into account four factors: 1) characteristics of instruction and learning\ntools, 2) implementation of instruction and learning tools, 3) student\ncharacteristics, and 4) students' environments. While there has been much\nresearch on factor 1 (characteristics of instruction and learning tools), there\nhas been less focus on factor 2 (students' characteristics, and in particular,\nmotivational factors). Here, we focus on the baseline motivational\ncharacteristics of introductory physics students obtained from survey data to\ninform factor 2 of the framework. A longitudinal analysis of students'\nmotivational characteristics in two-semester introductory physics courses was\nperformed by administering pre- and post-surveys that evaluated students'\nself-efficacy, grit, fascination with physics, value associated with physics,\nintelligence mindset, and physics epistemology. Female students reported lower\nself-efficacy, fascination and value, and had a more \"fixed\" view of\nintelligence in the context of physics compared to male students. Grit was the\nonly factor on which female students reported averages that were equal to or\nhigher than male students throughout introductory physics courses. These gender\ndifferences can at least partly be attributed to the societal stereotypes and\nbiases about who belongs in physics and can excel in it. The findings inform\nthe framework and have implications for the development and implementation of\neffective pedagogies and learning tools to help all students learn.",
          "arxiv_id": "2102.07321v1"
        },
        {
          "title": "Modeling novel physics in virtual reality labs: An affective analysis of student learning",
          "year": "2023-10",