{
  "topics": {
    "data": {
      "0": {
        "name": "0_energy_electron_molecular_quantum",
        "keywords": [
          [
            "energy",
            0.030169792851997383
          ],
          [
            "electron",
            0.026276140468703753
          ],
          [
            "molecular",
            0.02610466110600604
          ],
          [
            "quantum",
            0.025498098494982326
          ],
          [
            "molecules",
            0.024535532741948318
          ],
          [
            "state",
            0.02202615231431651
          ],
          [
            "dynamics",
            0.02052765940837176
          ],
          [
            "states",
            0.020474602386204223
          ],
          [
            "time",
            0.019116735529488272
          ],
          [
            "atoms",
            0.01873389486738972
          ]
        ],
        "count": 674
      },
      "1": {
        "name": "1_CO2_spectra_carbon_bands",
        "keywords": [
          [
            "CO2",
            0.03967828826061255
          ],
          [
            "spectra",
            0.027271125437111673
          ],
          [
            "carbon",
            0.025237530807754285
          ],
          [
            "bands",
            0.024803073681055752
          ],
          [
            "infrared",
            0.024550681739862128
          ],
          [
            "observed",
            0.021165585446987142
          ],
          [
            "spectrum",
            0.020255215052397156
          ],
          [
            "interstellar",
            0.020156328166873138
          ],
          [
            "fundamental",
            0.020092303064188063
          ],
          [
            "model",
            0.018013455223655148
          ]
        ],
        "count": 60
      }
    },
    "correlations": [
      [
        1.0,
        -0.38963243649380935
      ],
      [
        -0.38963243649380935,
        1.0
      ]
    ],
    "series": {
      "2020-01": [
        10,
        2
      ],
      "2020-02": [
        9,
        2
      ],
      "2020-03": [
        18,
        0
      ],
      "2020-04": [
        6,
        1
      ],
      "2020-05": [
        11,
        2
      ],
      "2020-06": [
        10,
        3
      ],
      "2020-07": [
        9,
        0
      ],
      "2020-08": [
        6,
        2
      ],
      "2020-09": [
        7,
        2
      ],
      "2020-10": [
        13,
        2
      ],
      "2020-11": [
        12,
        0
      ],
      "2020-12": [
        5,
        0
      ],
      "2021-01": [
        5,
        1
      ],
      "2021-02": [
        14,
        2
      ],
      "2021-03": [
        12,
        0
      ],
      "2021-04": [
        9,
        2
      ],
      "2021-05": [
        17,
        2
      ],
      "2021-06": [
        15,
        0
      ],
      "2021-07": [
        7,
        3
      ],
      "2021-08": [
        4,
        4
      ],
      "2021-09": [
        9,
        0
      ],
      "2021-10": [
        11,
        1
      ],
      "2021-11": [
        13,
        4
      ],
      "2021-12": [
        4,
        2
      ],
      "2022-01": [
        13,
        1
      ],
      "2022-02": [
        7,
        2
      ],
      "2022-03": [
        11,
        4
      ],
      "2022-04": [
        13,
        0
      ],
      "2022-05": [
        10,
        1
      ],
      "2022-06": [
        13,
        0
      ],
      "2022-07": [
        9,
        4
      ],
      "2022-08": [
        8,
        1
      ],
      "2022-09": [
        12,
        2
      ],
      "2022-10": [
        11,
        2
      ],
      "2022-11": [
        17,
        4
      ],
      "2022-12": [
        8,
        3
      ],
      "2023-01": [
        9,
        2
      ],
      "2023-02": [
        5,
        0
      ],
      "2023-03": [
        10,
        2
      ],
      "2023-04": [
        9,
        2
      ],
      "2023-05": [
        8,
        1
      ],
      "2023-06": [
        9,
        1
      ],
      "2023-07": [
        10,
        1
      ],
      "2023-08": [
        12,
        1
      ],
      "2023-09": [
        16,
        3
      ],
      "2023-10": [
        11,
        0
      ],
      "2023-11": [
        5,
        1
      ],
      "2023-12": [
        11,
        0
      ],
      "2024-01": [
        12,
        5
      ],
      "2024-02": [
        14,
        1
      ],
      "2024-03": [
        12,
        0
      ],
      "2024-04": [
        3,
        0
      ],
      "2024-05": [
        7,
        0
      ],
      "2024-06": [
        10,
        0
      ],
      "2024-07": [
        8,
        1
      ],
      "2024-08": [
        14,
        3
      ],
      "2024-09": [
        13,
        1
      ],
      "2024-10": [
        8,
        1
      ],
      "2024-11": [
        2,
        5
      ],
      "2024-12": [
        12,
        0
      ],
      "2025-01": [
        7,
        0
      ],
      "2025-02": [
        11,
        1
      ],
      "2025-03": [
        11,
        2
      ],
      "2025-04": [
        12,
        2
      ],
      "2025-05": [
        9,
        0
      ],
      "2025-06": [
        19,
        3
      ],
      "2025-07": [
        8,
        2
      ],
      "2025-08": [
        8,
        1
      ],
      "2025-09": [
        8,
        1
      ]
    },
    "papers": {
      "0": [
        {
          "title": "Gamma -ray spectra in the positron-annihilation process of molecules at room temperature",
          "year": "2020-03",
          "abstract": "In this study, a fully self-consistent method was developed to obtain the\nwave functions of the positron and electrons in molecules simultaneously. The\nwave function of a positron at room temperature , with a characteristic energy\nof approximately $0.04 eV$, was used to analyse the experimental results of its\nannihilation in helium, neon, hydrogen, and methane molecules. The interactions\nbetween the positron and molecule provide a significant correction in the\ngamma-ray spectra of the annihilating electron--positron pairs. It was also\nobserved that high-order correlations offered almost no correction in the\nspectra, as the interaction between the low-energy positron and electrons\ncannot drive the electrons into excited electronic states. More accurate\nstudies, which consider the coupling of the positron--electron pair states and\nvibration states of nuclei, must be undertaken.",
          "arxiv_id": "2003.03767v2"
        },
        {
          "title": "Time-resolved formation of excited atomic and molecular states in XUV-induced nanoplasmas in ammonia clusters",
          "year": "2020-03",
          "abstract": "High intensity XUV radiation from a free-electron (FEL) was used to create a\nnanoplasma inside ammonia clusters with the intent of studying the resulting\nelectron-ion interactions and their interplay with plasma evolution. In a\nplasma-like state, electrons with kinetic energy lower than the local\ncollective Coulomb potential of the positive ionic core are trapped in the\ncluster and take part in secondary processes (e.g. electron-impact\nexcitation/ionization and electron-ion recombination) which lead to subsequent\nexcited and neutral molecular fragmentation. Using a time-delayed UV laser, the\ndynamics of the excited atomic and molecular states are probed from -0.1 ps to\n18 ps. We identify three different phases of molecular fragmentation that are\nclearly distinguished by the effect of the probe laser on the ionic and\nelectronic yield. We propose a simple model to rationalize our data and further\nidentify two separate channels leading to the formation of excited hydrogen.",