{
  "topics": {
    "data": {
      "0": {
        "name": "0_model_cell_dynamics_cells",
        "keywords": [
          [
            "model",
            0.038629523084859826
          ],
          [
            "cell",
            0.03067368345992649
          ],
          [
            "dynamics",
            0.029008407098741088
          ],
          [
            "cells",
            0.023643201362531972
          ],
          [
            "time",
            0.023109991922965815
          ],
          [
            "active",
            0.022534823073132305
          ],
          [
            "systems",
            0.02247632486499908
          ],
          [
            "results",
            0.019507239729131515
          ],
          [
            "study",
            0.01876654758319017
          ],
          [
            "biological",
            0.01831356950474318
          ]
        ],
        "count": 6206
      },
      "1": {
        "name": "1_model_epidemic_COVID_infection",
        "keywords": [
          [
            "model",
            0.05629303394271003
          ],
          [
            "epidemic",
            0.04733165120671797
          ],
          [
            "COVID",
            0.04008769172397765
          ],
          [
            "infection",
            0.033378713215441065
          ],
          [
            "number",
            0.029259555590395746
          ],
          [
            "infected",
            0.028801218139692764
          ],
          [
            "pandemic",
            0.028620111801956647
          ],
          [
            "disease",
            0.028131422198483285
          ],
          [
            "data",
            0.028006916815147997
          ],
          [
            "spread",
            0.024730428180312212
          ]
        ],
        "count": 138
      }
    },
    "correlations": [
      [
        1.0,
        0.07507672312356314
      ],
      [
        0.07507672312356314,
        1.0
      ]
    ],
    "series": {
      "2020-01": [
        68,
        6
      ],
      "2020-02": [
        69,
        7
      ],
      "2020-03": [
        75,
        18
      ],
      "2020-04": [
        76,
        18
      ],
      "2020-05": [
        84,
        16
      ],
      "2020-06": [
        78,
        6
      ],
      "2020-07": [
        89,
        18
      ],
      "2020-08": [
        58,
        17
      ],
      "2020-09": [
        82,
        10
      ],
      "2020-10": [
        89,
        19
      ],
      "2020-11": [
        59,
        14
      ],
      "2020-12": [
        89,
        12
      ],
      "2021-01": [
        70,
        11
      ],
      "2021-02": [
        82,
        20
      ],
      "2021-03": [
        101,
        17
      ],
      "2021-04": [
        89,
        6
      ],
      "2021-05": [
        65,
        12
      ],
      "2021-06": [
        83,
        9
      ],
      "2021-07": [
        79,
        6
      ],
      "2021-08": [
        70,
        12
      ],
      "2021-09": [
        70,
        10
      ],
      "2021-10": [
        81,
        16
      ],
      "2021-11": [
        90,
        8
      ],
      "2021-12": [
        99,
        16
      ],
      "2022-01": [
        78,
        12
      ],
      "2022-02": [
        86,
        8
      ],
      "2022-03": [
        85,
        8
      ],
      "2022-04": [
        79,
        13
      ],
      "2022-05": [
        74,
        6
      ],
      "2022-06": [
        77,
        10
      ],
      "2022-07": [
        72,
        5
      ],
      "2022-08": [
        74,
        13
      ],
      "2022-09": [
        62,
        9
      ],
      "2022-10": [
        73,
        4
      ],
      "2022-11": [
        74,
        10
      ],
      "2022-12": [
        63,
        3
      ],
      "2023-01": [
        79,
        7
      ],
      "2023-02": [
        65,
        9
      ],
      "2023-03": [
        102,
        10
      ],
      "2023-04": [
        77,
        10
      ],
      "2023-05": [
        74,
        7
      ],
      "2023-06": [
        94,
        8
      ],
      "2023-07": [
        75,
        11
      ],
      "2023-08": [
        67,
        10
      ],
      "2023-09": [
        76,
        9
      ],
      "2023-10": [
        94,
        10
      ],
      "2023-11": [
        93,
        12
      ],
      "2023-12": [
        85,
        14
      ],
      "2024-01": [
        100,
        12
      ],
      "2024-02": [
        71,
        14
      ],
      "2024-03": [
        113,
        9
      ],
      "2024-04": [
        75,
        9
      ],
      "2024-05": [
        98,
        6
      ],
      "2024-06": [
        65,
        9
      ],
      "2024-07": [
        100,
        10
      ],
      "2024-08": [
        78,
        11
      ],
      "2024-09": [
        107,
        7
      ],
      "2024-10": [
        109,
        8
      ],
      "2024-11": [
        82,
        7
      ],
      "2024-12": [
        87,
        8
      ],
      "2025-01": [
        96,
        8
      ],
      "2025-02": [
        68,
        8
      ],
      "2025-03": [
        107,
        11
      ],
      "2025-04": [
        102,
        12
      ],
      "2025-05": [
        89,
        13
      ],
      "2025-06": [
        78,
        6
      ],
      "2025-07": [
        99,
        11
      ],
      "2025-08": [
        86,
        4
      ],
      "2025-09": [
        53,
        3
      ]
    },
    "papers": {
      "0": [
        {
          "title": "Learning the dynamics of cell-cell interactions in confined cell migration",
          "year": "2020-08",
          "abstract": "The migratory dynamics of cells in physiological processes, ranging from\nwound healing to cancer metastasis, rely on contact-mediated cell-cell\ninteractions. These interactions play a key role in shaping the stochastic\ntrajectories of migrating cells. While data-driven physical formalisms for the\nstochastic migration dynamics of single cells have been developed, such a\nframework for the behavioral dynamics of interacting cells still remains\nelusive. Here, we monitor stochastic cell trajectories in a minimal\nexperimental cell collider: a dumbbell-shaped micropattern on which pairs of\ncells perform repeated cellular collisions. We observe different characteristic\nbehaviors, including cells reversing, following and sliding past each other\nupon collision. Capitalizing on this large experimental data set of coupled\ncell trajectories, we infer an interacting stochastic equation of motion that\naccurately predicts the observed interaction behaviors. Our approach reveals\nthat interacting non-cancerous MCF10A cells can be described by repulsion and\nfriction interactions. In contrast, cancerous MDA-MB-231 cells exhibit\nattraction and anti-friction interactions, promoting the predominant relative\nsliding behavior observed for these cells. Based on these experimentally\ninferred interactions, we show how this framework may generalize to provide a\nunifying theoretical description of the diverse cellular interaction behaviors\nof distinct cell types.",
          "arxiv_id": "2008.03978v2"
        },
        {
          "title": "Chirality-driven edge flow and non-Hermitian topology in active nematic cells",
          "year": "2020-08",