{
  "topics": {
    "data": {
      "0": {
        "name": "0_data_model_time_method",
        "keywords": [
          [
            "data",
            0.042689718624249896
          ],
          [
            "model",
            0.03017692540207285
          ],
          [
            "time",
            0.025514939479348592
          ],
          [
            "method",
            0.022918646327584866
          ],
          [
            "learning",
            0.021228847328651178
          ],
          [
            "models",
            0.02060779571464943
          ],
          [
            "analysis",
            0.020421359603937015
          ],
          [
            "approach",
            0.018955607745794502
          ],
          [
            "networks",
            0.018207817608751207
          ],
          [
            "network",
            0.018004017995032078
          ]
        ],
        "count": 3746
      },
      "1": {
        "name": "1_data_gravitational_model_noise",
        "keywords": [
          [
            "data",
            0.04032928052586179
          ],
          [
            "gravitational",
            0.02148367907523378
          ],
          [
            "model",
            0.017647430959871365
          ],
          [
            "noise",
            0.017198612151824007
          ],
          [
            "method",
            0.016403313578972345
          ],
          [
            "wave",
            0.015305424257201739
          ],
          [
            "gravitational wave",
            0.015014129221825306
          ],
          [
            "parameters",
            0.014484677155170636
          ],
          [
            "time",
            0.014314971880040222
          ],
          [
            "analysis",
            0.012967524908514319
          ]
        ],
        "count": 343
      }
    },
    "correlations": [
      [
        1.0,
        0.262692643820177
      ],
      [
        0.262692643820177,
        1.0
      ]
    ],
    "series": {
      "2020-01": [
        46,
        15
      ],
      "2020-02": [
        41,
        9
      ],
      "2020-03": [
        51,
        15
      ],
      "2020-04": [
        51,
        9
      ],
      "2020-05": [
        34,
        14
      ],
      "2020-06": [
        38,
        14
      ],
      "2020-07": [
        37,
        10
      ],
      "2020-08": [
        43,
        15
      ],
      "2020-09": [
        34,
        13
      ],
      "2020-10": [
        55,
        14
      ],
      "2020-11": [
        57,
        17
      ],
      "2020-12": [
        59,
        14
      ],
      "2021-01": [
        45,
        13
      ],
      "2021-02": [
        41,
        11
      ],
      "2021-03": [
        46,
        17
      ],
      "2021-04": [
        46,
        5
      ],
      "2021-05": [
        48,
        17
      ],
      "2021-06": [
        45,
        18
      ],
      "2021-07": [
        55,
        15
      ],
      "2021-08": [
        44,
        12
      ],
      "2021-09": [
        46,
        14
      ],
      "2021-10": [
        47,
        9
      ],
      "2021-11": [
        37,
        18
      ],
      "2021-12": [
        37,
        12
      ],
      "2022-01": [
        44,
        12
      ],
      "2022-02": [
        53,
        8
      ],
      "2022-03": [
        67,
        12
      ],
      "2022-04": [
        47,
        18
      ],
      "2022-05": [
        32,
        16
      ],
      "2022-06": [
        45,
        14
      ],
      "2022-07": [
        57,
        17
      ],
      "2022-08": [
        42,
        10
      ],
      "2022-09": [
        40,
        9
      ],
      "2022-10": [
        47,
        16
      ],
      "2022-11": [
        45,
        8
      ],
      "2022-12": [
        31,
        13
      ],
      "2023-01": [
        47,
        18
      ],
      "2023-02": [
        35,
        8
      ],
      "2023-03": [
        56,
        8
      ],
      "2023-04": [
        46,
        9
      ],
      "2023-05": [
        47,
        15
      ],
      "2023-06": [
        43,
        17
      ],
      "2023-07": [
        53,
        14
      ],
      "2023-08": [
        46,
        10
      ],
      "2023-09": [
        50,
        15
      ],
      "2023-10": [
        62,
        16
      ],
      "2023-11": [
        45,
        8
      ],
      "2023-12": [
        48,
        9
      ],
      "2024-01": [
        36,
        17
      ],
      "2024-02": [
        50,
        10
      ],
      "2024-03": [
        36,
        13
      ],
      "2024-04": [
        47,
        13
      ],
      "2024-05": [
        43,
        18
      ],
      "2024-06": [
        56,
        14
      ],
      "2024-07": [
        56,
        14
      ],
      "2024-08": [
        42,
        6
      ],
      "2024-09": [
        49,
        9
      ],
      "2024-10": [
        59,
        14
      ],
      "2024-11": [
        38,
        15
      ],
      "2024-12": [
        53,
        9
      ],
      "2025-01": [
        49,
        17
      ],
      "2025-02": [
        42,
        14
      ],
      "2025-03": [
        44,
        14
      ],
      "2025-04": [
        47,
        8
      ],
      "2025-05": [
        63,
        16
      ],
      "2025-06": [
        46,
        16
      ],
      "2025-07": [
        56,
        20
      ],
      "2025-08": [
        45,
        9
      ],
      "2025-09": [
        26,
        9
      ]
    },
    "papers": {
      "0": [
        {
          "title": "Near real-time streaming analysis of big fusion data",
          "year": "2021-08",
          "abstract": "While experiments on fusion plasmas produce high-dimensional data time series\nwith ever increasing magnitude and velocity, data analysis has been lagging\nbehind this development. For example, many data analysis tasks are often\nperformed in a manual, ad-hoc manner some time after an experiment. In this\narticle we introduce the DELTA framework that facilitates near real-time\nstreaming analysis of big and fast fusion data. By streaming measurement data\nfrom fusion experiments to a high-performance compute center, DELTA allows to\nperform demanding data analysis tasks in between plasma pulses. This article\ndescribe the modular and expandable software architecture of DELTA and presents\nperformance benchmarks of its individual components as well as of entire\nworkflows. Our focus is on the streaming analysis of ECEi data measured at\nKSTAR on NERSCs supercomputers and we routinely achieve data transfer rates of\nabout 500 Megabyte per second. We show that a demanding turbulence analysis\nworkload can be distributed among multiple GPUs and executes in under 5\nminutes. We further discuss how DELTA uses modern database systems and\ncontainer orchestration services to provide web-based real-time data\nvisualization. For the case of ECEi data we demonstrate how data visualizations\ncan be augmented with outputs from machine learning models. By providing\nsession leaders and physics operators results of higher order data analysis\nusing live visualization they may monitor the evolution of a long-pulse\ndischarge in near real-time and may make more informed decision on how to\nconfigure the machine for the next shot.",
          "arxiv_id": "2108.08896v1"
        },
        {
          "title": "PV Fleet Modeling via Smooth Periodic Gaussian Copula",
          "year": "2023-06",