{
  "topics": {
    "data": {
      "0": {
        "name": "0_data_model_models_learning",
        "keywords": [
          [
            "data",
            0.03438516767385128
          ],
          [
            "model",
            0.02865100117056251
          ],
          [
            "models",
            0.025503058187256036
          ],
          [
            "learning",
            0.020809067952865683
          ],
          [
            "methods",
            0.017324429229564585
          ],
          [
            "analysis",
            0.016171268049845963
          ],
          [
            "method",
            0.015387468390491002
          ],
          [
            "cell",
            0.014719115604403797
          ],
          [
            "time",
            0.01466145547125204
          ],
          [
            "protein",
            0.013723652520726387
          ]
        ],
        "count": 5743
      },
      "1": {
        "name": "1_model_infection_epidemic_transmission",
        "keywords": [
          [
            "model",
            0.04144460461279239
          ],
          [
            "infection",
            0.03051228745535009
          ],
          [
            "epidemic",
            0.02566386654162481
          ],
          [
            "transmission",
            0.025181899956436774
          ],
          [
            "data",
            0.024797612357547228
          ],
          [
            "disease",
            0.02182365725426117
          ],
          [
            "number",
            0.020975693835625895
          ],
          [
            "time",
            0.018981046910122194
          ],
          [
            "models",
            0.01892199152343595
          ],
          [
            "spread",
            0.018829723926305466
          ]
        ],
        "count": 343
      }
    },
    "correlations": [
      [
        1.0,
        -0.19702792453095136
      ],
      [
        -0.19702792453095136,
        1.0
      ]
    ],
    "series": {
      "2020-01": [
        52,
        4
      ],
      "2020-02": [
        69,
        5
      ],
      "2020-03": [
        69,
        15
      ],
      "2020-04": [
        66,
        48
      ],
      "2020-05": [
        77,
        52
      ],
      "2020-06": [
        73,
        27
      ],
      "2020-07": [
        66,
        31
      ],
      "2020-08": [
        55,
        23
      ],
      "2020-09": [
        50,
        17
      ],
      "2020-10": [
        65,
        14
      ],
      "2020-11": [
        71,
        16
      ],
      "2020-12": [
        65,
        16
      ],
      "2021-01": [
        61,
        17
      ],
      "2021-02": [
        61,
        17
      ],
      "2021-03": [
        70,
        10
      ],
      "2021-04": [
        41,
        7
      ],
      "2021-05": [
        61,
        14
      ],
      "2021-06": [
        53,
        12
      ],
      "2021-07": [
        58,
        11
      ],
      "2021-08": [
        58,
        18
      ],
      "2021-09": [
        55,
        16
      ],
      "2021-10": [
        86,
        12
      ],
      "2021-11": [
        84,
        15
      ],
      "2021-12": [
        66,
        6
      ],
      "2022-01": [
        58,
        19
      ],
      "2022-02": [
        68,
        11
      ],
      "2022-03": [
        60,
        13
      ],
      "2022-04": [
        66,
        9
      ],
      "2022-05": [
        68,
        12
      ],
      "2022-06": [
        79,
        13
      ],
      "2022-07": [
        59,
        11
      ],
      "2022-08": [
        68,
        19
      ],
      "2022-09": [
        60,
        11
      ],
      "2022-10": [
        81,
        12
      ],
      "2022-11": [
        105,
        6
      ],
      "2022-12": [
        59,
        6
      ],
      "2023-01": [
        49,
        10
      ],
      "2023-02": [
        67,
        12
      ],
      "2023-03": [
        91,
        19
      ],
      "2023-04": [
        68,
        11
      ],
      "2023-05": [
        76,
        11
      ],
      "2023-06": [
        69,
        13
      ],
      "2023-07": [
        76,
        9
      ],
      "2023-08": [
        82,
        13
      ],
      "2023-09": [
        96,
        8
      ],
      "2023-10": [
        86,
        6
      ],
      "2023-11": [
        94,
        15
      ],
      "2023-12": [
        84,
        18
      ],
      "2024-01": [
        91,
        8
      ],
      "2024-02": [
        99,
        15
      ],
      "2024-03": [
        81,
        8
      ],
      "2024-04": [
        75,
        12
      ],
      "2024-05": [
        92,
        14
      ],
      "2024-06": [
        81,
        18
      ],
      "2024-07": [
        89,
        15
      ],
      "2024-08": [
        65,
        7
      ],
      "2024-09": [
        99,
        15
      ],
      "2024-10": [
        119,
        16
      ],
      "2024-11": [
        100,
        15
      ],
      "2024-12": [
        83,
        14
      ],
      "2025-01": [
        89,
        12
      ],
      "2025-02": [
        85,
        14
      ],
      "2025-03": [
        103,
        21
      ],
      "2025-04": [
        87,
        11
      ],
      "2025-05": [
        128,
        18
      ],
      "2025-06": [
        105,
        14
      ],
      "2025-07": [
        115,
        7
      ],
      "2025-08": [
        111,
        14
      ],
      "2025-09": [
        46,
        8
      ]
    },
    "papers": {
      "0": [
        {
          "title": "A Knowledge Graph-Enhanced Tensor Factorisation Model for Discovering Drug Targets",
          "year": "2021-05",
          "abstract": "The drug discovery and development process is a long and expensive one,\ncosting over 1 billion USD on average per drug and taking 10-15 years. To\nreduce the high levels of attrition throughout the process, there has been a\ngrowing interest in applying machine learning methodologies to various stages\nof drug discovery and development in the recent decade, especially at the\nearliest stage identification of druggable disease genes. In this paper, we\nhave developed a new tensor factorisation model to predict potential drug\ntargets (genes or proteins) for treating diseases. We created a three\ndimensional data tensor consisting of 1,048 gene targets, 860 diseases and\n230,011 evidence attributes and clinical outcomes connecting them, using data\nextracted from the Open Targets and PharmaProjects databases. We enriched the\ndata with gene target representations learned from a drug discovery oriented\nknowledge graph and applied our proposed method to predict the clinical\noutcomes for unseen gene target and disease pairs. We designed three evaluation\nstrategies to measure the prediction performance and benchmarked several\ncommonly used machine learning classifiers together with Bayesian matrix and\ntensor factorisation methods. The result shows that incorporating knowledge\ngraph embeddings significantly improves the prediction accuracy and that\ntraining tensor factorisation alongside a dense neural network outperforms all\nother baselines. In summary, our framework combines two actively studied\nmachine learning approaches to disease target identification, namely tensor\nfactorisation and knowledge graph representation learning, which could be a\npromising avenue for further exploration in data driven drug discovery.",
          "arxiv_id": "2105.10578v3"
        },
        {
          "title": "SubOmiEmbed: Self-supervised Representation Learning of Multi-omics Data for Cancer Type Classification",
          "year": "2022-02",