{
  "topics": {
    "data": {
      "0": {
        "name": "0_species_model_population_dynamics",
        "keywords": [
          [
            "species",
            0.032742739839544226
          ],
          [
            "model",
            0.03176113033985515
          ],
          [
            "population",
            0.028963113657394207
          ],
          [
            "dynamics",
            0.021457986617293378
          ],
          [
            "models",
            0.02081519319169176
          ],
          [
            "evolutionary",
            0.01940609274806864
          ],
          [
            "evolution",
            0.01765718494618068
          ],
          [
            "time",
            0.017271078194919423
          ],
          [
            "tree",
            0.014502496954530021
          ],
          [
            "networks",
            0.014352766756019668
          ]
        ],
        "count": 2635
      },
      "1": {
        "name": "1_model_COVID_epidemic_disease",
        "keywords": [
          [
            "model",
            0.05180911346145031
          ],
          [
            "COVID",
            0.04090588990645205
          ],
          [
            "epidemic",
            0.0317248020655771
          ],
          [
            "disease",
            0.029409243093123292
          ],
          [
            "data",
            0.027253139378263617
          ],
          [
            "number",
            0.024735229381564923
          ],
          [
            "time",
            0.02311157703946095
          ],
          [
            "models",
            0.02285080652076109
          ],
          [
            "infection",
            0.022819024822405592
          ],
          [
            "spread",
            0.022224283072716983
          ]
        ],
        "count": 2523
      }
    },
    "correlations": [
      [
        1.0,
        -0.22801193926086732
      ],
      [
        -0.22801193926086732,
        1.0
      ]
    ],
    "series": {
      "2020-01": [
        36,
        10
      ],
      "2020-02": [
        39,
        35
      ],
      "2020-03": [
        43,
        133
      ],
      "2020-04": [
        39,
        234
      ],
      "2020-05": [
        39,
        164
      ],
      "2020-06": [
        34,
        133
      ],
      "2020-07": [
        39,
        127
      ],
      "2020-08": [
        36,
        77
      ],
      "2020-09": [
        30,
        54
      ],
      "2020-10": [
        36,
        61
      ],
      "2020-11": [
        42,
        45
      ],
      "2020-12": [
        42,
        40
      ],
      "2021-01": [
        29,
        36
      ],
      "2021-02": [
        40,
        44
      ],
      "2021-03": [
        38,
        51
      ],
      "2021-04": [
        40,
        36
      ],
      "2021-05": [
        29,
        28
      ],
      "2021-06": [
        31,
        41
      ],
      "2021-07": [
        39,
        31
      ],
      "2021-08": [
        30,
        26
      ],
      "2021-09": [
        39,
        43
      ],
      "2021-10": [
        33,
        27
      ],
      "2021-11": [
        55,
        34
      ],
      "2021-12": [
        39,
        33
      ],
      "2022-01": [
        35,
        31
      ],
      "2022-02": [
        47,
        30
      ],
      "2022-03": [
        29,
        16
      ],
      "2022-04": [
        32,
        17
      ],
      "2022-05": [
        33,
        34
      ],
      "2022-06": [
        31,
        18
      ],
      "2022-07": [
        30,
        29
      ],
      "2022-08": [
        20,
        32
      ],
      "2022-09": [
        30,
        19
      ],
      "2022-10": [
        40,
        26
      ],
      "2022-11": [
        34,
        27
      ],
      "2022-12": [
        30,
        14
      ],
      "2023-01": [
        37,
        20
      ],
      "2023-02": [
        32,
        21
      ],
      "2023-03": [
        49,
        27
      ],
      "2023-04": [
        41,
        15
      ],
      "2023-05": [
        38,
        21
      ],
      "2023-06": [
        39,
        27
      ],
      "2023-07": [
        43,
        18
      ],
      "2023-08": [
        33,
        12
      ],
      "2023-09": [
        40,
        19
      ],
      "2023-10": [
        43,
        18
      ],
      "2023-11": [
        49,
        24
      ],
      "2023-12": [
        28,
        23
      ],
      "2024-01": [
        37,
        18
      ],
      "2024-02": [
        33,
        12
      ],
      "2024-03": [
        43,
        19
      ],
      "2024-04": [
        31,
        22
      ],
      "2024-05": [
        57,
        20
      ],
      "2024-06": [
        34,
        12
      ],
      "2024-07": [
        39,
        17
      ],
      "2024-08": [
        31,
        15
      ],
      "2024-09": [
        59,
        20
      ],
      "2024-10": [
        59,
        22
      ],
      "2024-11": [
        52,
        25
      ],
      "2024-12": [
        46,
        22
      ],
      "2025-01": [
        40,
        20
      ],
      "2025-02": [
        47,
        15
      ],
      "2025-03": [
        49,
        27
      ],
      "2025-04": [
        52,
        27
      ],
      "2025-05": [
        32,
        20
      ],
      "2025-06": [
        52,
        17
      ],
      "2025-07": [
        52,
        15
      ],
      "2025-08": [
        51,
        18
      ],
      "2025-09": [
        25,
        13
      ]
    },
    "papers": {
      "0": [
        {
          "title": "Evolutionary ecology of words",
          "year": "2025-05",
          "abstract": "We propose a model for the evolutionary ecology of words as one attempt to\nextend evolutionary game theory and agent-based models by utilizing the rich\nlinguistic expressions of Large Language Models (LLMs). Our model enables the\nemergence and evolution of diverse and infinite options for interactions among\nagents. Within the population, each agent possesses a short word (or phrase)\ngenerated by an LLM and moves within a spatial environment. When agents become\nadjacent, the outcome of their interaction is determined by the LLM based on\nthe relationship between their words, with the loser's word being replaced by\nthe winner's. Word mutations, also based on LLM outputs, may occur. We\nconducted preliminary experiments assuming that ``strong animal species\" would\nsurvive. The results showed that from an initial population consisting of\nwell-known species, many species emerged both gradually and in a punctuated\nequilibrium manner. Each trial demonstrated the unique evolution of diverse\npopulations, with one type of large species becoming dominant, such as\nterrestrial animals, marine life, or extinct species, which were ecologically\nspecialized and adapted ones across diverse extreme habitats. We also conducted\na long-term experiment with a large population, demonstrating the emergence and\ncoexistence of diverse species.",
          "arxiv_id": "2505.05863v1"
        },
        {
          "title": "Many-species ecological fluctuations as a jump process from the brink of extinction",
          "year": "2023-06",