{
  "topics": {
    "data": {
      "0": {
        "name": "0_model_market_data_models",
        "keywords": [
          [
            "model",
            0.05185593074747689
          ],
          [
            "market",
            0.04188354369784905
          ],
          [
            "data",
            0.03956868121322681
          ],
          [
            "models",
            0.03790188675050834
          ],
          [
            "financial",
            0.03524924705964262
          ],
          [
            "time",
            0.03294273122548553
          ],
          [
            "learning",
            0.03145746674938921
          ],
          [
            "method",
            0.02784476589769352
          ],
          [
            "approach",
            0.02784321677857111
          ],
          [
            "volatility",
            0.027719677324281516
          ]
        ],
        "count": 1500
      },
      "1": {
        "name": "1_quantum_Quantum_classical_computing",
        "keywords": [
          [
            "quantum",
            0.17500484572306302
          ],
          [
            "Quantum",
            0.06864824868287499
          ],
          [
            "classical",
            0.04180719193280973
          ],
          [
            "computing",
            0.040742910126431144
          ],
          [
            "algorithms",
            0.035814239416882394
          ],
          [
            "algorithm",
            0.03330617587621163
          ],
          [
            "computers",
            0.029872402343179817
          ],
          [
            "derivative",
            0.026235666082445815
          ],
          [
            "financial",
            0.025186393437212084
          ],
          [
            "pricing",
            0.024864987769187184
          ]
        ],
        "count": 53
      }
    },
    "correlations": [
      [
        1.0,
        -0.6719610829471612
      ],
      [
        -0.6719610829471612,
        1.0
      ]
    ],
    "series": {
      "2020-01": [
        8,
        0
      ],
      "2020-02": [
        16,
        1
      ],
      "2020-03": [
        25,
        0
      ],
      "2020-04": [
        23,
        0
      ],
      "2020-05": [
        28,
        0
      ],
      "2020-06": [
        23,
        0
      ],
      "2020-07": [
        15,
        0
      ],
      "2020-08": [
        13,
        1
      ],
      "2020-09": [
        17,
        1
      ],
      "2020-10": [
        9,
        0
      ],
      "2020-11": [
        8,
        2
      ],
      "2020-12": [
        10,
        2
      ],
      "2021-01": [
        17,
        0
      ],
      "2021-02": [
        20,
        1
      ],
      "2021-03": [
        23,
        1
      ],
      "2021-04": [
        19,
        1
      ],
      "2021-05": [
        24,
        0
      ],
      "2021-06": [
        21,
        1
      ],
      "2021-07": [
        20,
        0
      ],
      "2021-08": [
        16,
        1
      ],
      "2021-09": [
        13,
        1
      ],
      "2021-10": [
        12,
        1
      ],
      "2021-11": [
        16,
        3
      ],
      "2021-12": [
        18,
        1
      ],
      "2022-01": [
        11,
        2
      ],
      "2022-02": [
        23,
        1
      ],
      "2022-03": [
        21,
        3
      ],
      "2022-04": [
        12,
        0
      ],
      "2022-05": [
        18,
        0
      ],
      "2022-06": [
        20,
        0
      ],
      "2022-07": [
        24,
        1
      ],
      "2022-08": [
        11,
        1
      ],
      "2022-09": [
        30,
        0
      ],
      "2022-10": [
        28,
        2
      ],
      "2022-11": [
        19,
        0
      ],
      "2022-12": [
        29,
        1
      ],
      "2023-01": [
        22,
        3
      ],
      "2023-02": [
        18,
        0
      ],
      "2023-03": [
        18,
        3
      ],
      "2023-04": [
        13,
        2
      ],
      "2023-05": [
        27,
        0
      ],
      "2023-06": [
        16,
        2
      ],
      "2023-07": [
        18,
        1
      ],
      "2023-08": [
        26,
        4
      ],
      "2023-09": [
        32,
        0
      ],
      "2023-10": [
        19,
        1
      ],
      "2023-11": [
        20,
        2
      ],
      "2023-12": [
        22,
        0
      ],
      "2024-01": [
        23,
        0
      ],
      "2024-02": [
        28,
        1
      ],
      "2024-03": [
        16,
        0
      ],
      "2024-04": [
        26,
        2
      ],
      "2024-05": [
        24,
        1
      ],
      "2024-06": [
        27,
        0
      ],
      "2024-07": [
        30,
        1
      ],
      "2024-08": [
        36,
        0
      ],
      "2024-09": [
        37,
        0
      ],
      "2024-10": [
        33,
        1
      ],
      "2024-11": [
        43,
        0
      ],
      "2024-12": [
        32,
        0
      ],
      "2025-01": [
        21,
        1
      ],
      "2025-02": [
        26,
        3
      ],
      "2025-03": [
        25,
        0
      ],
      "2025-04": [
        26,
        1
      ],
      "2025-05": [
        30,
        1
      ],
      "2025-06": [
        20,
        2
      ],
      "2025-07": [
        24,
        2
      ],
      "2025-08": [
        41,
        1
      ],
      "2025-09": [
        10,
        0
      ]
    },
    "papers": {
      "0": [
        {
          "title": "Understanding intra-day price formation process by agent-based financial market simulation: calibrating the extended chiarella model",
          "year": "2022-08",
          "abstract": "This article presents XGB-Chiarella, a powerful new approach for deploying\nagent-based models to generate realistic intra-day artificial financial price\ndata. This approach is based on agent-based models, calibrated by XGBoost\nmachine learning surrogate. Following the Extended Chiarella model, three types\nof trading agents are introduced in this agent-based model: fundamental\ntraders, momentum traders, and noise traders. In particular, XGB-Chiarella\nfocuses on configuring the simulation to accurately reflect real market\nbehaviours. Instead of using the original Expectation-Maximisation algorithm\nfor parameter estimation, the agent-based Extended Chiarella model is\ncalibrated using XGBoost machine learning surrogate. It is shown that the\nmachine learning surrogate learned in the proposed method is an accurate proxy\nof the true agent-based market simulation. The proposed calibration method is\nsuperior to the original Expectation-Maximisation parameter estimation in terms\nof the distance between historical and simulated stylised facts. With the same\nunderlying model, the proposed methodology is capable of generating realistic\nprice time series in various stocks listed at three different exchanges, which\nindicates the universality of intra-day price formation process. For the time\nscale (minutes) chosen in this paper, one agent per category is shown to be\nsufficient to capture the intra-day price formation process. The proposed\nXGB-Chiarella approach provides insights that the price formation process is\ncomprised of the interactions between momentum traders, fundamental traders,\nand noise traders. It can also be used to enhance risk management by\npractitioners.",
          "arxiv_id": "2208.14207v1"
        },
        {
          "title": "MLP, XGBoost, KAN, TDNN, and LSTM-GRU Hybrid RNN with Attention for SPX and NDX European Call Option Pricing",
          "year": "2024-08",