{
  "topics": {
    "data": {
      "0": {
        "name": "0_data_model_distribution_models",
        "keywords": [
          [
            "data",
            0.029766340996226926
          ],
          [
            "model",
            0.024864472338850068
          ],
          [
            "distribution",
            0.021221063952887306
          ],
          [
            "models",
            0.020691141255015158
          ],
          [
            "estimation",
            0.018904617098701434
          ],
          [
            "results",
            0.01869312120355197
          ],
          [
            "estimator",
            0.017080740120980518
          ],
          [
            "sample",
            0.016638675672880642
          ],
          [
            "paper",
            0.016440469670831688
          ],
          [
            "random",
            0.01626281874588176
          ]
        ],
        "count": 11203
      },
      "1": {
        "name": "1_policy_regret_learning_optimal",
        "keywords": [
          [
            "policy",
            0.04579991540353183
          ],
          [
            "regret",
            0.04048297956380138
          ],
          [
            "learning",
            0.030340590098397312
          ],
          [
            "optimal",
            0.024893504202515546
          ],
          [
            "algorithm",
            0.02323163825839591
          ],
          [
            "bandit",
            0.02183427306479463
          ],
          [
            "RL",
            0.021675587303429472
          ],
          [
            "reward",
            0.021038156781239485
          ],
          [
            "bandits",
            0.019650966816962562
          ],
          [
            "algorithms",
            0.01868449624955801
          ]
        ],
        "count": 259
      }
    },
    "correlations": [
      [
        1.0,
        -0.30878648791890373
      ],
      [
        -0.30878648791890373,
        1.0
      ]
    ],
    "series": {
      "2020-01": [
        111,
        7
      ],
      "2020-02": [
        173,
        13
      ],
      "2020-03": [
        145,
        7
      ],
      "2020-04": [
        146,
        3
      ],
      "2020-05": [
        135,
        10
      ],
      "2020-06": [
        192,
        15
      ],
      "2020-07": [
        162,
        8
      ],
      "2020-08": [
        132,
        3
      ],
      "2020-09": [
        146,
        5
      ],
      "2020-10": [
        172,
        12
      ],
      "2020-11": [
        156,
        12
      ],
      "2020-12": [
        157,
        7
      ],
      "2021-01": [
        134,
        9
      ],
      "2021-02": [
        146,
        13
      ],
      "2021-03": [
        155,
        4
      ],
      "2021-04": [
        139,
        8
      ],
      "2021-05": [
        148,
        8
      ],
      "2021-06": [
        165,
        12
      ],
      "2021-07": [
        163,
        11
      ],
      "2021-08": [
        126,
        5
      ],
      "2021-09": [
        137,
        8
      ],
      "2021-10": [
        187,
        18
      ],
      "2021-11": [
        119,
        12
      ],
      "2021-12": [
        162,
        13
      ],
      "2022-01": [
        105,
        7
      ],
      "2022-02": [
        139,
        11
      ],
      "2022-03": [
        138,
        10
      ],
      "2022-04": [
        121,
        3
      ],
      "2022-05": [
        155,
        7
      ],
      "2022-06": [
        197,
        13
      ],
      "2022-07": [
        147,
        7
      ],
      "2022-08": [
        152,
        5
      ],
      "2022-09": [
        173,
        16
      ],
      "2022-10": [
        189,
        10
      ],
      "2022-11": [
        170,
        12
      ],
      "2022-12": [
        154,
        9
      ],
      "2023-01": [
        139,
        12
      ],
      "2023-02": [
        132,
        16
      ],
      "2023-03": [
        161,
        11
      ],
      "2023-04": [
        115,
        9
      ],
      "2023-05": [
        183,
        21
      ],
      "2023-06": [
        163,
        14
      ],
      "2023-07": [
        157,
        13
      ],
      "2023-08": [
        113,
        5
      ],
      "2023-09": [
        139,
        9
      ],
      "2023-10": [
        196,
        12
      ],
      "2023-11": [
        172,
        6
      ],
      "2023-12": [
        129,
        10
      ],
      "2024-01": [
        146,
        8
      ],
      "2024-02": [
        209,
        18
      ],
      "2024-03": [
        174,
        15
      ],
      "2024-04": [
        153,
        8
      ],
      "2024-05": [
        200,
        9
      ],
      "2024-06": [
        174,
        16
      ],
      "2024-07": [
        165,
        9
      ],
      "2024-08": [
        127,
        7
      ],
      "2024-09": [
        164,
        8
      ],
      "2024-10": [
        204,
        15
      ],
      "2024-11": [
        151,
        11
      ],
      "2024-12": [
        143,
        13
      ],
      "2025-01": [
        157,
        16
      ],
      "2025-02": [
        199,
        19
      ],
      "2025-03": [
        171,
        7
      ],
      "2025-04": [
        169,
        10
      ],
      "2025-05": [
        209,
        19
      ],
      "2025-06": [
        200,
        6
      ],
      "2025-07": [
        174,
        8
      ],
      "2025-08": [
        163,
        5
      ],
      "2025-09": [
        88,
        8
      ]
    },
    "papers": {
      "0": [
        {
          "title": "Highly Efficient Estimators with High Breakdown Point for Linear Models with Structured Covariance Matrices",
          "year": "2022-08",
          "abstract": "We provide a unified approach to a method of estimation of the regression\nparameter in balanced linear models with a structured covariance matrix that\ncombines a high breakdown point and bounded influence with high asymptotic\nefficiency at models with multivariate normal errors. Of main interest are\nlinear mixed effects models, but our approach also includes several other\nstandard multivariate models, such as multiple regression, multivariate\nregression, and multivariate location and scatter. We provide sufficient\nconditions for the existence of the estimators and corresponding functionals,\nestablish asymptotic properties such as consistency and asymptotic normality,\nand derive their robustness properties in terms of breakdown point and\ninfluence function. All the results are obtained for general identifiable\ncovariance structures and are established under mild conditions on the\ndistribution of the observations, which goes far beyond models with\nelliptically contoured densities. Some of our results are new and others are\nmore general than existing ones in the literature. In this way this manuscript\ncompletes and improves results on high breakdown estimation with high\nefficiency in a wide variety of multivariate models.",
          "arxiv_id": "2208.00715v2"
        },
        {
          "title": "Sufficient digits and density estimation: A Bayesian nonparametric approach using generalized finite Pólya trees",
          "year": "2025-06",