{
  "topics": {
    "data": {
      "0": {
        "name": "0_data_model_statistical_science",
        "keywords": [
          [
            "data",
            0.043973886292125335
          ],
          [
            "model",
            0.022860996359926777
          ],
          [
            "statistical",
            0.02088206212739136
          ],
          [
            "science",
            0.0197701192591147
          ],
          [
            "analysis",
            0.01964134478884526
          ],
          [
            "probability",
            0.01961859241225572
          ],
          [
            "statistics",
            0.019398682945652536
          ],
          [
            "methods",
            0.0192243915834098
          ],
          [
            "paper",
            0.01882521663405182
          ],
          [
            "models",
            0.017735801714193467
          ]
        ],
        "count": 564
      },
      "1": {
        "name": "1_population_COVID_data_climate",
        "keywords": [
          [
            "population",
            0.03867742892052406
          ],
          [
            "COVID",
            0.03147530233608717
          ],
          [
            "data",
            0.0301408607534102
          ],
          [
            "climate",
            0.02787592316502309
          ],
          [
            "model",
            0.026916317320129314
          ],
          [
            "study",
            0.02465986133109853
          ],
          [
            "models",
            0.024448903964304786
          ],
          [
            "change",
            0.023106830295208308
          ],
          [
            "time",
            0.020566361394935815
          ],
          [
            "pandemic",
            0.01860661688999849
          ]
        ],
        "count": 57
      }
    },
    "correlations": [
      [
        1.0,
        -0.2684890351495714
      ],
      [
        -0.2684890351495714,
        1.0
      ]
    ],
    "series": {
      "2020-01": [
        12,
        1
      ],
      "2020-02": [
        13,
        0
      ],
      "2020-03": [
        18,
        2
      ],
      "2020-04": [
        15,
        6
      ],
      "2020-05": [
        3,
        0
      ],
      "2020-06": [
        17,
        0
      ],
      "2020-07": [
        19,
        1
      ],
      "2020-08": [
        11,
        0
      ],
      "2020-09": [
        11,
        1
      ],
      "2020-10": [
        14,
        0
      ],
      "2020-11": [
        6,
        1
      ],
      "2020-12": [
        13,
        2
      ],
      "2021-01": [
        12,
        1
      ],
      "2021-02": [
        13,
        3
      ],
      "2021-03": [
        15,
        1
      ],
      "2021-04": [
        12,
        2
      ],
      "2021-05": [
        11,
        1
      ],
      "2021-06": [
        10,
        0
      ],
      "2021-07": [
        8,
        0
      ],
      "2021-08": [
        11,
        2
      ],
      "2021-09": [
        10,
        0
      ],
      "2021-10": [
        6,
        0
      ],
      "2021-11": [
        3,
        0
      ],
      "2021-12": [
        7,
        2
      ],
      "2022-01": [
        8,
        1
      ],
      "2022-02": [
        12,
        1
      ],
      "2022-03": [
        6,
        0
      ],
      "2022-04": [
        12,
        2
      ],
      "2022-05": [
        12,
        0
      ],
      "2022-06": [
        11,
        0
      ],
      "2022-07": [
        6,
        0
      ],
      "2022-08": [
        10,
        0
      ],
      "2022-09": [
        7,
        1
      ],
      "2022-10": [
        12,
        0
      ],
      "2022-11": [
        14,
        0
      ],
      "2022-12": [
        3,
        2
      ],
      "2023-01": [
        7,
        2
      ],
      "2023-02": [
        5,
        1
      ],
      "2023-03": [
        10,
        1
      ],
      "2023-04": [
        13,
        6
      ],
      "2023-05": [
        11,
        0
      ],
      "2023-06": [
        12,
        0
      ],
      "2023-07": [
        19,
        0
      ],
      "2023-08": [
        8,
        0
      ],
      "2023-09": [
        9,
        1
      ],
      "2023-10": [
        13,
        1
      ],
      "2023-11": [
        2,
        1
      ],
      "2023-12": [
        12,
        0
      ],
      "2024-01": [
        9,
        0
      ],
      "2024-02": [
        12,
        1
      ],
      "2024-03": [
        8,
        0
      ],
      "2024-04": [
        7,
        0
      ],
      "2024-05": [
        14,
        0
      ],
      "2024-06": [
        8,
        1
      ],
      "2024-07": [
        19,
        1
      ],
      "2024-08": [
        2,
        0
      ],
      "2024-09": [
        15,
        0
      ],
      "2024-10": [
        8,
        2
      ],
      "2024-11": [
        9,
        0
      ],
      "2024-12": [
        13,
        0
      ],
      "2025-01": [
        12,
        1
      ],
      "2025-02": [
        14,
        0
      ],
      "2025-03": [
        16,
        0
      ],
      "2025-04": [
        16,
        2
      ],
      "2025-05": [
        9,
        1
      ],
      "2025-06": [
        13,
        0
      ],
      "2025-07": [
        11,
        0
      ],
      "2025-08": [
        16,
        0
      ],
      "2025-09": [
        7,
        1
      ]
    },
    "papers": {
      "0": [
        {
          "title": "Computational Skills by Stealth in Secondary School Data Science",
          "year": "2020-10",
          "abstract": "The unprecedented growth in the availability of data of all types and\nqualities and the emergence of the field of data science has provided an\nimpetus to finally realizing the implementation of the full breadth of the\nNolan and Temple Lang proposed integration of computing concepts into\nstatistics curricula at all levels in statistics and new data science programs\nand courses. Moreover, data science, implemented carefully, opens accessible\npathways to stem for students for whom neither mathematics nor computer science\nare natural affinities, and who would traditionally be excluded. We discuss a\nproposal for the stealth development of computational skills in students' first\nexposure to data science through careful, scaffolded exposure to computation\nand its power. The intent of this approach is to support students, regardless\nof interest and self-efficacy in coding, in becoming data-driven learners, who\nare capable of asking complex questions about the world around them, and then\nanswering those questions through the use of data-driven inquiry. This\ndiscussion is presented in the context of the International Data Science in\nSchools Project which recently published computer science and statistics\nconsensus curriculum frameworks for a two-year secondary school data science\nprogram, designed to make data science accessible to all.",
          "arxiv_id": "2010.07017v1"
        },
        {
          "title": "Hierarchical Bayesian propulsion power models for marine vessels",
          "year": "2020-04",