{
  "topics": {
    "data": {
      "0": {
        "name": "0_data_model_models_method",
        "keywords": [
          [
            "data",
            0.04121035128541296
          ],
          [
            "model",
            0.03201231740798116
          ],
          [
            "models",
            0.023802243293653314
          ],
          [
            "method",
            0.022254349188252663
          ],
          [
            "methods",
            0.021493522203156944
          ],
          [
            "approach",
            0.018190753027366065
          ],
          [
            "time",
            0.017431800747194373
          ],
          [
            "estimation",
            0.016720073242702957
          ],
          [
            "analysis",
            0.016462988628653027
          ],
          [
            "Bayesian",
            0.014928793183914232
          ]
        ],
        "count": 19043
      },
      "1": {
        "name": "1_privacy_data_private_differential privacy",
        "keywords": [
          [
            "privacy",
            0.08526204317084957
          ],
          [
            "data",
            0.05533768201573299
          ],
          [
            "private",
            0.03850266699994205
          ],
          [
            "differential privacy",
            0.028510286580781613
          ],
          [
            "differential",
            0.023494273349235116
          ],
          [
            "DP",
            0.020287959207940236
          ],
          [
            "federated",
            0.017517694586742624
          ],
          [
            "statistical",
            0.016687567040487766
          ],
          [
            "Privacy",
            0.01397569849465792
          ],
          [
            "synthetic",
            0.013272478857729435
          ]
        ],
        "count": 231
      }
    },
    "correlations": [
      [
        1.0,
        -0.20955035069439537
      ],
      [
        -0.20955035069439537,
        1.0
      ]
    ],
    "series": {
      "2020-01": [
        134,
        15
      ],
      "2020-02": [
        175,
        43
      ],
      "2020-03": [
        176,
        24
      ],
      "2020-04": [
        204,
        25
      ],
      "2020-05": [
        214,
        37
      ],
      "2020-06": [
        245,
        44
      ],
      "2020-07": [
        249,
        37
      ],
      "2020-08": [
        197,
        29
      ],
      "2020-09": [
        172,
        34
      ],
      "2020-10": [
        220,
        34
      ],
      "2020-11": [
        222,
        39
      ],
      "2020-12": [
        220,
        28
      ],
      "2021-01": [
        179,
        30
      ],
      "2021-02": [
        191,
        37
      ],
      "2021-03": [
        241,
        33
      ],
      "2021-04": [
        208,
        40
      ],
      "2021-05": [
        218,
        41
      ],
      "2021-06": [
        247,
        48
      ],
      "2021-07": [
        222,
        42
      ],
      "2021-08": [
        177,
        24
      ],
      "2021-09": [
        195,
        46
      ],
      "2021-10": [
        237,
        52
      ],
      "2021-11": [
        204,
        34
      ],
      "2021-12": [
        218,
        42
      ],
      "2022-01": [
        186,
        36
      ],
      "2022-02": [
        224,
        34
      ],
      "2022-03": [
        247,
        48
      ],
      "2022-04": [
        173,
        35
      ],
      "2022-05": [
        202,
        60
      ],
      "2022-06": [
        272,
        54
      ],
      "2022-07": [
        211,
        44
      ],
      "2022-08": [
        239,
        47
      ],
      "2022-09": [
        237,
        37
      ],
      "2022-10": [
        255,
        56
      ],
      "2022-11": [
        234,
        55
      ],
      "2022-12": [
        205,
        44
      ],
      "2023-01": [
        209,
        49
      ],
      "2023-02": [
        231,
        56
      ],
      "2023-03": [
        228,
        44
      ],
      "2023-04": [
        216,
        28
      ],
      "2023-05": [
        272,
        41
      ],
      "2023-06": [
        305,
        53
      ],
      "2023-07": [
        226,
        40
      ],
      "2023-08": [
        190,
        39
      ],
      "2023-09": [
        255,
        40
      ],
      "2023-10": [
        259,
        65
      ],
      "2023-11": [
        259,
        55
      ],
      "2023-12": [
        265,
        50
      ],
      "2024-01": [
        284,
        58
      ],
      "2024-02": [
        281,
        46
      ],
      "2024-03": [
        264,
        49
      ],
      "2024-04": [
        247,
        47
      ],
      "2024-05": [
        285,
        57
      ],
      "2024-06": [
        276,
        58
      ],
      "2024-07": [
        280,
        39
      ],
      "2024-08": [
        213,
        42
      ],
      "2024-09": [
        244,
        54
      ],
      "2024-10": [
        350,
        69
      ],
      "2024-11": [
        276,
        36
      ],
      "2024-12": [
        251,
        45
      ],
      "2025-01": [
        257,
        45
      ],
      "2025-02": [
        288,
        58
      ],
      "2025-03": [
        277,
        62
      ],
      "2025-04": [
        292,
        45
      ],
      "2025-05": [
        321,
        61
      ],
      "2025-06": [
        310,
        64
      ],
      "2025-07": [
        321,
        78
      ],
      "2025-08": [
        262,
        55
      ],
      "2025-09": [
        181,
        21
      ]
    },
    "papers": {
      "0": [
        {
          "title": "Random forests for binary geospatial data",
          "year": "2023-02",
          "abstract": "The manuscript develops new method and theory for non-linear regression for\nbinary dependent data using random forests. Existing implementations of random\nforests for binary data cannot explicitly account for data correlation common\nin geospatial and time-series settings. For continuous outcomes, recent work\nhas extended random forests (RF) to RF-GLS that incorporate spatial covariance\nusing the generalized least squares (GLS) loss. However, adoption of this idea\nfor binary data is challenging due to the use of the Gini impurity measure in\nclassification trees, which has no known extension to model dependence. We show\nthat for binary data, the GLS loss is also an extension of the Gini impurity\nmeasure, as the latter is exactly equivalent to the ordinary least squares\n(OLS) loss. This justifies using RF-GLS for non-parametric mean function\nestimation for binary dependent data. We then consider the special case of\ngeneralized mixed effects models, the traditional statistical model for binary\ngeospatial data, which models the spatial random effects as a Gaussian process\n(GP). We propose a novel link-inversion technique that embeds the RF-GLS\nestimate of the mean function from the first step within the generalized mixed\neffects model framework, enabling estimation of non-linear covariate effects\nand offering spatial predictions. We establish consistency of our method,\nRF-GP, for both mean function and covariate effect estimation. The theory holds\nfor a general class of stationary absolutely regular dependent processes that\nincludes common choices like Gaussian processes with Mat\\'ern or compactly\nsupported covariances and autoregressive processes. The theory relaxes the\ncommon assumption of additive mean functions and accounts for the non-linear\nlink. We demonstrate that RF-GP outperforms competing methods for estimation\nand prediction in both simulated and real-world data.",
          "arxiv_id": "2302.13828v2"
        },
        {
          "title": "Incorporating Subsampling into Bayesian Models for High-Dimensional Spatial Data",
          "year": "2023-05",